0 verbose cli C:\Program Files\nodejs\node.exe C:\Program Files\nodejs\node_modules\npm\bin\npm-cli.js
1 info using npm@11.9.0
2 info using node@v24.14.0
3 silly config load:file:C:\Program Files\nodejs\node_modules\npm\npmrc
4 silly config load:file:C:\Users\Atharva\Documents\portfolio\.npmrc
5 silly config load:file:C:\Users\Atharva\.npmrc
6 silly config load:file:C:\Users\Atharva\AppData\Roaming\npm\etc\npmrc
7 verbose title npm install
8 verbose argv "install" "--cache" ".npm-cache"
9 verbose logfile logs-max:10 dir:C:\Users\Atharva\Documents\portfolio\.npm-cache\_logs\2026-07-01T10_19_47_864Z-
10 verbose logfile C:\Users\Atharva\Documents\portfolio\.npm-cache\_logs\2026-07-01T10_19_47_864Z-debug-0.log
11 silly logfile done cleaning log files
12 silly packumentCache heap:4496293888 maxSize:1124073472 maxEntrySize:562036736
13 silly idealTree buildDeps
14 silly fetch manifest gsap@^3.12.5
15 silly packumentCache full:https://registry.npmjs.org/gsap cache-miss
16 http fetch GET 200 https://registry.npmjs.org/npm 176ms
17 http fetch GET 200 https://registry.npmjs.org/gsap 427ms (cache miss)
18 silly packumentCache full:https://registry.npmjs.org/gsap set size:undefined disposed:false
19 silly fetch manifest lucide-react@^0.468.0
20 silly packumentCache full:https://registry.npmjs.org/lucide-react cache-miss
21 http fetch GET 200 https://registry.npmjs.org/lucide-react 125ms (cache miss)
22 silly packumentCache full:https://registry.npmjs.org/lucide-react set size:undefined disposed:false
23 silly fetch manifest react@^18.3.1
24 silly packumentCache full:https://registry.npmjs.org/react cache-miss
25 http fetch GET 200 https://registry.npmjs.org/react 325ms (cache miss)
26 silly packumentCache full:https://registry.npmjs.org/react set size:undefined disposed:false
27 silly fetch manifest react-dom@^18.3.1
28 silly packumentCache full:https://registry.npmjs.org/react-dom cache-miss
29 http fetch GET 200 https://registry.npmjs.org/react-dom 385ms (cache miss)
30 silly packumentCache full:https://registry.npmjs.org/react-dom set size:undefined disposed:false
31 silly fetch manifest @vitejs/plugin-react@^4.3.4
32 silly packumentCache full:https://registry.npmjs.org/@vitejs%2fplugin-react cache-miss
33 http fetch GET 200 https://registry.npmjs.org/@vitejs%2fplugin-react 94ms (cache miss)
34 silly packumentCache full:https://registry.npmjs.org/@vitejs%2fplugin-react set size:undefined disposed:false
35 silly fetch manifest vite@^6.0.7
36 silly packumentCache full:https://registry.npmjs.org/vite cache-miss
37 http fetch GET 200 https://registry.npmjs.org/vite 1979ms (cache miss)
38 silly packumentCache full:https://registry.npmjs.org/vite set size:undefined disposed:false
39 silly fetch manifest @types/node@^18.0.0 || ^20.0.0 || >=22.0.0
40 silly packumentCache full:https://registry.npmjs.org/@types%2fnode cache-miss
41 http fetch GET 200 https://registry.npmjs.org/@types%2fnode 476ms (cache miss)
42 silly packumentCache full:https://registry.npmjs.org/@types%2fnode set size:undefined disposed:false
43 silly fetch manifest jiti@>=1.21.0
44 silly packumentCache full:https://registry.npmjs.org/jiti cache-miss
45 http fetch GET 200 https://registry.npmjs.org/jiti 67ms (cache miss)
46 silly packumentCache full:https://registry.npmjs.org/jiti set size:undefined disposed:false
47 silly fetch manifest less@*
48 silly packumentCache full:https://registry.npmjs.org/less cache-miss
49 http fetch GET 200 https://registry.npmjs.org/less 62ms (cache miss)
50 silly packumentCache full:https://registry.npmjs.org/less set size:undefined disposed:false
51 silly fetch manifest lightningcss@^1.21.0
52 silly packumentCache full:https://registry.npmjs.org/lightningcss cache-miss
53 http fetch GET 200 https://registry.npmjs.org/lightningcss 49ms (cache miss)
54 silly packumentCache full:https://registry.npmjs.org/lightningcss set size:undefined disposed:false
55 silly fetch manifest sass@*
56 silly packumentCache full:https://registry.npmjs.org/sass cache-miss
57 http fetch GET 200 https://registry.npmjs.org/sass 83ms (cache miss)
58 silly packumentCache full:https://registry.npmjs.org/sass set size:undefined disposed:false
59 silly fetch manifest sass-embedded@*
60 silly packumentCache full:https://registry.npmjs.org/sass-embedded cache-miss
61 http fetch GET 200 https://registry.npmjs.org/sass-embedded 319ms (cache miss)
62 silly packumentCache full:https://registry.npmjs.org/sass-embedded set size:undefined disposed:false
63 silly fetch manifest stylus@*
64 silly packumentCache full:https://registry.npmjs.org/stylus cache-miss
65 http fetch GET 200 https://registry.npmjs.org/stylus 50ms (cache miss)
66 silly packumentCache full:https://registry.npmjs.org/stylus set size:undefined disposed:false
67 silly fetch manifest sugarss@*
68 silly packumentCache full:https://registry.npmjs.org/sugarss cache-miss
69 http fetch GET 200 https://registry.npmjs.org/sugarss 45ms (cache miss)
70 silly packumentCache full:https://registry.npmjs.org/sugarss set size:undefined disposed:false
71 silly fetch manifest postcss@^8.4.49
72 silly packumentCache full:https://registry.npmjs.org/postcss cache-miss
73 http fetch GET 200 https://registry.npmjs.org/postcss 68ms (cache miss)
74 silly packumentCache full:https://registry.npmjs.org/postcss set size:undefined disposed:false
75 silly fetch manifest terser@^5.16.0
76 silly packumentCache full:https://registry.npmjs.org/terser cache-miss
77 http fetch GET 200 https://registry.npmjs.org/terser 69ms (cache miss)
78 silly packumentCache full:https://registry.npmjs.org/terser set size:undefined disposed:false
79 silly fetch manifest tsx@^4.8.1
80 silly packumentCache full:https://registry.npmjs.org/tsx cache-miss
81 http fetch GET 200 https://registry.npmjs.org/tsx 51ms (cache miss)
82 silly packumentCache full:https://registry.npmjs.org/tsx set size:undefined disposed:false
83 silly fetch manifest yaml@^2.4.2
84 silly packumentCache full:https://registry.npmjs.org/yaml cache-miss
85 http fetch GET 200 https://registry.npmjs.org/yaml 290ms (cache miss)
86 silly packumentCache full:https://registry.npmjs.org/yaml set size:undefined disposed:false
87 silly fetch manifest autoprefixer@^10.4.20
88 silly packumentCache full:https://registry.npmjs.org/autoprefixer cache-miss
89 http fetch GET 200 https://registry.npmjs.org/autoprefixer 68ms (cache miss)
90 silly packumentCache full:https://registry.npmjs.org/autoprefixer set size:undefined disposed:false
91 silly fetch manifest tailwindcss@^3.4.17
92 silly packumentCache full:https://registry.npmjs.org/tailwindcss cache-miss
93 http fetch GET 200 https://registry.npmjs.org/tailwindcss 388ms (cache miss)
94 silly packumentCache full:https://registry.npmjs.org/tailwindcss set size:undefined disposed:false
95 silly placeDep ROOT @vitejs/plugin-react@4.7.0 OK for: atharva-portfolio@0.1.0 want: ^4.3.4
96 silly placeDep ROOT vite@6.4.3 OK for: @vitejs/plugin-react@4.7.0 want: ^4.2.0 || ^5.0.0 || ^6.0.0 || ^7.0.0
97 silly placeDep ROOT autoprefixer@10.5.2 OK for: atharva-portfolio@0.1.0 want: ^10.4.20
98 silly placeDep ROOT postcss@8.5.16 OK for: autoprefixer@10.5.2 want: ^8.1.0
99 silly placeDep ROOT gsap@3.15.0 OK for: atharva-portfolio@0.1.0 want: ^3.12.5
100 silly placeDep ROOT lucide-react@0.468.0 OK for: atharva-portfolio@0.1.0 want: ^0.468.0
101 silly placeDep ROOT react@18.3.1 OK for: lucide-react@0.468.0 want: ^16.5.1 || ^17.0.0 || ^18.0.0 || ^19.0.0-rc
102 silly placeDep ROOT react-dom@18.3.1 OK for: atharva-portfolio@0.1.0 want: ^18.3.1
103 silly placeDep ROOT tailwindcss@3.4.19 OK for: atharva-portfolio@0.1.0 want: ^3.4.17
104 silly fetch manifest @babel/core@^7.28.0
105 silly packumentCache full:https://registry.npmjs.org/@babel%2fcore cache-miss
106 silly fetch manifest react-refresh@^0.17.0
107 silly packumentCache full:https://registry.npmjs.org/react-refresh cache-miss
108 silly fetch manifest @types/babel__core@^7.20.5
109 silly packumentCache full:https://registry.npmjs.org/@types%2fbabel__core cache-miss
110 silly fetch manifest @rolldown/pluginutils@1.0.0-beta.27
111 silly packumentCache full:https://registry.npmjs.org/@rolldown%2fpluginutils cache-miss
112 silly fetch manifest @babel/plugin-transform-react-jsx-self@^7.27.1
113 silly packumentCache full:https://registry.npmjs.org/@babel%2fplugin-transform-react-jsx-self cache-miss
114 silly fetch manifest @babel/plugin-transform-react-jsx-source@^7.27.1
115 silly packumentCache full:https://registry.npmjs.org/@babel%2fplugin-transform-react-jsx-source cache-miss
116 silly fetch manifest fdir@^6.4.4
117 silly packumentCache full:https://registry.npmjs.org/fdir cache-miss
118 silly fetch manifest rollup@^4.34.9
119 silly packumentCache full:https://registry.npmjs.org/rollup cache-miss
120 silly fetch manifest esbuild@^0.25.0
121 silly packumentCache full:https://registry.npmjs.org/esbuild cache-miss
122 silly fetch manifest postcss@^8.5.3
123 silly packumentCache full:https://registry.npmjs.org/postcss cache-miss
124 silly fetch manifest picomatch@^4.0.2
125 silly packumentCache full:https://registry.npmjs.org/picomatch cache-miss
126 http cache https://registry.npmjs.org/postcss 93ms (cache hit)
127 silly packumentCache full:https://registry.npmjs.org/postcss set size:726591 disposed:false
128 silly fetch manifest tinyglobby@^0.2.13
129 silly packumentCache full:https://registry.npmjs.org/tinyglobby cache-miss
130 http fetch GET 200 https://registry.npmjs.org/tinyglobby 124ms (cache miss)
131 silly packumentCache full:https://registry.npmjs.org/tinyglobby set size:undefined disposed:false
132 silly fetch manifest fsevents@~2.3.3
133 silly packumentCache full:https://registry.npmjs.org/fsevents cache-miss
134 http fetch GET 200 https://registry.npmjs.org/@types%2fbabel__core 253ms (cache miss)
135 silly packumentCache full:https://registry.npmjs.org/@types%2fbabel__core set size:undefined disposed:false
136 silly fetch manifest picocolors@^1.1.1
137 silly packumentCache full:https://registry.npmjs.org/picocolors cache-miss
138 http fetch GET 200 https://registry.npmjs.org/@babel%2fcore 261ms (cache miss)
139 silly packumentCache full:https://registry.npmjs.org/@babel%2fcore set size:undefined disposed:false
140 silly fetch manifest fraction.js@^5.3.4
141 silly packumentCache full:https://registry.npmjs.org/fraction.js cache-miss
142 http fetch GET 200 https://registry.npmjs.org/@babel%2fplugin-transform-react-jsx-self 296ms (cache miss)
143 silly packumentCache full:https://registry.npmjs.org/@babel%2fplugin-transform-react-jsx-self set size:undefined disposed:false
144 silly fetch manifest browserslist@^4.28.4
145 silly packumentCache full:https://registry.npmjs.org/browserslist cache-miss
146 http fetch GET 200 https://registry.npmjs.org/@babel%2fplugin-transform-react-jsx-source 307ms (cache miss)
147 silly packumentCache full:https://registry.npmjs.org/@babel%2fplugin-transform-react-jsx-source set size:undefined disposed:false
148 silly fetch manifest caniuse-lite@^1.0.30001799
149 silly packumentCache full:https://registry.npmjs.org/caniuse-lite cache-miss
150 http fetch GET 200 https://registry.npmjs.org/@rolldown%2fpluginutils 322ms (cache miss)
151 silly packumentCache full:https://registry.npmjs.org/@rolldown%2fpluginutils set size:undefined disposed:false
152 silly fetch manifest postcss-value-parser@^4.2.0
153 silly packumentCache full:https://registry.npmjs.org/postcss-value-parser cache-miss
154 http fetch GET 200 https://registry.npmjs.org/picomatch 337ms (cache miss)
155 silly packumentCache full:https://registry.npmjs.org/picomatch set size:undefined disposed:false
156 silly fetch manifest nanoid@^3.3.12
157 silly packumentCache full:https://registry.npmjs.org/nanoid cache-miss
158 http fetch GET 200 https://registry.npmjs.org/fsevents 111ms (cache miss)
159 silly packumentCache full:https://registry.npmjs.org/fsevents set size:undefined disposed:false
160 silly fetch manifest picocolors@^1.1.1
161 silly packumentCache full:https://registry.npmjs.org/picocolors cache-miss
162 http fetch GET 200 https://registry.npmjs.org/fdir 464ms (cache miss)
163 silly packumentCache full:https://registry.npmjs.org/fdir set size:undefined disposed:false
164 silly fetch manifest source-map-js@^1.2.1
165 silly packumentCache full:https://registry.npmjs.org/source-map-js cache-miss
166 http fetch GET 200 https://registry.npmjs.org/esbuild 469ms (cache miss)
167 silly packumentCache full:https://registry.npmjs.org/esbuild set size:undefined disposed:false
168 silly fetch manifest loose-envify@^1.1.0
169 silly packumentCache full:https://registry.npmjs.org/loose-envify cache-miss
170 http fetch GET 200 https://registry.npmjs.org/fraction.js 311ms (cache miss)
171 silly packumentCache full:https://registry.npmjs.org/fraction.js set size:undefined disposed:false
172 silly fetch manifest scheduler@^0.23.2
173 silly packumentCache full:https://registry.npmjs.org/scheduler cache-miss
174 http fetch GET 200 https://registry.npmjs.org/postcss-value-parser 318ms (cache miss)
175 silly packumentCache full:https://registry.npmjs.org/postcss-value-parser set size:undefined disposed:false
176 silly fetch manifest loose-envify@^1.1.0
177 silly packumentCache full:https://registry.npmjs.org/loose-envify cache-miss
178 http fetch GET 200 https://registry.npmjs.org/loose-envify 252ms (cache miss)
179 silly packumentCache full:https://registry.npmjs.org/loose-envify set size:undefined disposed:false
180 silly fetch manifest arg@^5.0.2
181 silly packumentCache full:https://registry.npmjs.org/arg cache-miss
182 http fetch GET 200 https://registry.npmjs.org/browserslist 468ms (cache miss)
183 silly packumentCache full:https://registry.npmjs.org/browserslist set size:undefined disposed:false
184 silly fetch manifest dlv@^1.1.3
185 silly packumentCache full:https://registry.npmjs.org/dlv cache-miss
186 http fetch GET 200 https://registry.npmjs.org/arg 56ms (cache miss)
187 silly packumentCache full:https://registry.npmjs.org/arg set size:undefined disposed:false
188 silly fetch manifest jiti@^1.21.7
189 silly packumentCache full:https://registry.npmjs.org/jiti cache-miss
190 http cache https://registry.npmjs.org/jiti 10ms (cache hit)
191 silly packumentCache full:https://registry.npmjs.org/jiti set size:387989 disposed:false
192 silly fetch manifest is-glob@^4.0.3
193 silly packumentCache full:https://registry.npmjs.org/is-glob cache-miss
194 http fetch GET 200 https://registry.npmjs.org/rollup 809ms (cache miss)
195 silly packumentCache full:https://registry.npmjs.org/rollup set size:undefined disposed:false
196 silly fetch manifest resolve@^1.22.8
197 silly packumentCache full:https://registry.npmjs.org/resolve cache-miss
198 http fetch GET 200 https://registry.npmjs.org/is-glob 63ms (cache miss)
199 silly packumentCache full:https://registry.npmjs.org/is-glob set size:undefined disposed:false
200 silly fetch manifest sucrase@^3.35.0
201 silly packumentCache full:https://registry.npmjs.org/sucrase cache-miss
202 http fetch GET 200 https://registry.npmjs.org/picocolors 549ms (cache miss)
203 silly packumentCache full:https://registry.npmjs.org/picocolors set size:undefined disposed:false
204 silly fetch manifest chokidar@^3.6.0
205 silly packumentCache full:https://registry.npmjs.org/chokidar cache-miss
206 http fetch GET 200 https://registry.npmjs.org/loose-envify 273ms (cache miss)
207 silly packumentCache full:https://registry.npmjs.org/loose-envify set size:undefined disposed:false
208 silly fetch manifest fast-glob@^3.3.2
209 silly packumentCache full:https://registry.npmjs.org/fast-glob cache-miss
210 http fetch GET 200 https://registry.npmjs.org/resolve 80ms (cache miss)
211 silly packumentCache full:https://registry.npmjs.org/resolve set size:undefined disposed:false
212 silly fetch manifest lilconfig@^3.1.3
213 silly packumentCache full:https://registry.npmjs.org/lilconfig cache-miss
214 http fetch GET 200 https://registry.npmjs.org/sucrase 78ms (cache miss)
215 silly packumentCache full:https://registry.npmjs.org/sucrase set size:undefined disposed:false
216 silly fetch manifest didyoumean@^1.2.2
217 silly packumentCache full:https://registry.npmjs.org/didyoumean cache-miss
218 http fetch GET 200 https://registry.npmjs.org/chokidar 81ms (cache miss)
219 silly packumentCache full:https://registry.npmjs.org/chokidar set size:undefined disposed:false
220 silly fetch manifest micromatch@^4.0.8
221 silly packumentCache full:https://registry.npmjs.org/micromatch cache-miss
222 http fetch GET 200 https://registry.npmjs.org/lilconfig 58ms (cache miss)
223 silly packumentCache full:https://registry.npmjs.org/lilconfig set size:undefined disposed:false
224 silly fetch manifest postcss-js@^4.0.1
225 silly packumentCache full:https://registry.npmjs.org/postcss-js cache-miss
226 http fetch GET 200 https://registry.npmjs.org/picocolors 750ms (cache miss)
227 silly packumentCache full:https://registry.npmjs.org/picocolors set size:undefined disposed:false
228 silly fetch manifest glob-parent@^6.0.2
229 silly packumentCache full:https://registry.npmjs.org/glob-parent cache-miss
230 http fetch GET 200 https://registry.npmjs.org/react-refresh 1014ms (cache miss)
231 silly packumentCache full:https://registry.npmjs.org/react-refresh set size:undefined disposed:false
232 silly fetch manifest object-hash@^3.0.0
233 silly packumentCache full:https://registry.npmjs.org/object-hash cache-miss
234 http fetch GET 200 https://registry.npmjs.org/didyoumean 120ms (cache miss)
235 silly packumentCache full:https://registry.npmjs.org/didyoumean set size:undefined disposed:false
236 silly fetch manifest normalize-path@^3.0.0
237 silly packumentCache full:https://registry.npmjs.org/normalize-path cache-miss
238 http fetch GET 200 https://registry.npmjs.org/dlv 337ms (cache miss)
239 silly packumentCache full:https://registry.npmjs.org/dlv set size:undefined disposed:false
240 silly fetch manifest postcss-import@^15.1.0
241 silly packumentCache full:https://registry.npmjs.org/postcss-import cache-miss
242 http fetch GET 200 https://registry.npmjs.org/glob-parent 112ms (cache miss)
243 silly packumentCache full:https://registry.npmjs.org/glob-parent set size:undefined disposed:false
244 silly fetch manifest postcss-nested@^6.2.0
245 silly packumentCache full:https://registry.npmjs.org/postcss-nested cache-miss
246 http fetch GET 200 https://registry.npmjs.org/postcss-js 124ms (cache miss)
247 silly packumentCache full:https://registry.npmjs.org/postcss-js set size:undefined disposed:false
248 silly fetch manifest @alloc/quick-lru@^5.2.0
249 silly packumentCache full:https://registry.npmjs.org/@alloc%2fquick-lru cache-miss
250 http fetch GET 200 https://registry.npmjs.org/nanoid 789ms (cache miss)
251 silly packumentCache full:https://registry.npmjs.org/nanoid set size:undefined disposed:false
252 silly fetch manifest postcss-load-config@^4.0.2 || ^5.0 || ^6.0
253 silly packumentCache full:https://registry.npmjs.org/postcss-load-config cache-miss
254 http fetch GET 200 https://registry.npmjs.org/micromatch 156ms (cache miss)
255 silly packumentCache full:https://registry.npmjs.org/micromatch set size:undefined disposed:false
256 silly fetch manifest postcss-selector-parser@^6.1.2
257 silly packumentCache full:https://registry.npmjs.org/postcss-selector-parser cache-miss
258 http fetch GET 200 https://registry.npmjs.org/fast-glob 243ms (cache miss)
259 silly packumentCache full:https://registry.npmjs.org/fast-glob set size:undefined disposed:false
260 http fetch GET 200 https://registry.npmjs.org/normalize-path 87ms (cache miss)
261 silly packumentCache full:https://registry.npmjs.org/normalize-path set size:undefined disposed:false
262 http fetch GET 200 https://registry.npmjs.org/object-hash 118ms (cache miss)
263 silly packumentCache full:https://registry.npmjs.org/object-hash set size:undefined disposed:false
264 http fetch GET 200 https://registry.npmjs.org/postcss-import 76ms (cache miss)
265 silly packumentCache full:https://registry.npmjs.org/postcss-import set size:undefined disposed:false
266 http fetch GET 200 https://registry.npmjs.org/@alloc%2fquick-lru 81ms (cache miss)
267 silly packumentCache full:https://registry.npmjs.org/@alloc%2fquick-lru set size:undefined disposed:false
268 http fetch GET 200 https://registry.npmjs.org/source-map-js 743ms (cache miss)
269 silly packumentCache full:https://registry.npmjs.org/source-map-js set size:undefined disposed:false
270 http fetch GET 200 https://registry.npmjs.org/postcss-load-config 75ms (cache miss)
271 silly packumentCache full:https://registry.npmjs.org/postcss-load-config set size:undefined disposed:false
272 http fetch GET 200 https://registry.npmjs.org/postcss-selector-parser 71ms (cache miss)
273 silly packumentCache full:https://registry.npmjs.org/postcss-selector-parser set size:undefined disposed:false
274 http fetch GET 200 https://registry.npmjs.org/caniuse-lite 920ms (cache miss)
275 silly packumentCache full:https://registry.npmjs.org/caniuse-lite set size:undefined disposed:false
276 http fetch GET 200 https://registry.npmjs.org/scheduler 811ms (cache miss)
277 silly packumentCache full:https://registry.npmjs.org/scheduler set size:undefined disposed:false
278 http fetch GET 200 https://registry.npmjs.org/postcss-nested 342ms (cache miss)
279 silly packumentCache full:https://registry.npmjs.org/postcss-nested set size:undefined disposed:false
280 silly placeDep ROOT @babel/core@7.29.7 OK for: @vitejs/plugin-react@4.7.0 want: ^7.28.0
281 silly placeDep ROOT @babel/plugin-transform-react-jsx-self@7.29.7 OK for: @vitejs/plugin-react@4.7.0 want: ^7.27.1
282 silly placeDep ROOT @babel/plugin-transform-react-jsx-source@7.29.7 OK for: @vitejs/plugin-react@4.7.0 want: ^7.27.1
283 silly placeDep ROOT @rolldown/pluginutils@1.0.0-beta.27 OK for: @vitejs/plugin-react@4.7.0 want: 1.0.0-beta.27
284 silly placeDep ROOT @types/babel__core@7.20.5 OK for: @vitejs/plugin-react@4.7.0 want: ^7.20.5
285 silly placeDep ROOT react-refresh@0.17.0 OK for: @vitejs/plugin-react@4.7.0 want: ^0.17.0
286 silly fetch manifest debug@^4.1.0
287 silly packumentCache full:https://registry.npmjs.org/debug cache-miss
288 silly fetch manifest json5@^2.2.3
289 silly packumentCache full:https://registry.npmjs.org/json5 cache-miss
290 silly fetch manifest semver@^6.3.1
291 silly packumentCache full:https://registry.npmjs.org/semver cache-miss
292 silly fetch manifest gensync@^1.0.0-beta.2
293 silly packumentCache full:https://registry.npmjs.org/gensync cache-miss
294 silly fetch manifest @babel/types@^7.29.7
295 silly packumentCache full:https://registry.npmjs.org/@babel%2ftypes cache-miss
296 silly fetch manifest @babel/parser@^7.29.7
297 silly packumentCache full:https://registry.npmjs.org/@babel%2fparser cache-miss
298 silly fetch manifest @babel/helpers@^7.29.7
299 silly packumentCache full:https://registry.npmjs.org/@babel%2fhelpers cache-miss
300 silly fetch manifest @babel/template@^7.29.7
301 silly packumentCache full:https://registry.npmjs.org/@babel%2ftemplate cache-miss
302 silly fetch manifest @babel/traverse@^7.29.7
303 silly packumentCache full:https://registry.npmjs.org/@babel%2ftraverse cache-miss
304 silly fetch manifest @babel/generator@^7.29.7
305 silly packumentCache full:https://registry.npmjs.org/@babel%2fgenerator cache-miss
306 silly fetch manifest @babel/code-frame@^7.29.7
307 silly packumentCache full:https://registry.npmjs.org/@babel%2fcode-frame cache-miss
308 http fetch GET 200 https://registry.npmjs.org/gensync 38ms (cache miss)
309 silly packumentCache full:https://registry.npmjs.org/gensync set size:undefined disposed:false
310 silly fetch manifest convert-source-map@^2.0.0
311 silly packumentCache full:https://registry.npmjs.org/convert-source-map cache-miss
312 http fetch GET 200 https://registry.npmjs.org/debug 90ms (cache miss)
313 silly packumentCache full:https://registry.npmjs.org/debug set size:undefined disposed:false
314 silly fetch manifest @jridgewell/remapping@^2.3.5
315 silly packumentCache full:https://registry.npmjs.org/@jridgewell%2fremapping cache-miss
316 http fetch GET 200 https://registry.npmjs.org/json5 96ms (cache miss)
317 silly packumentCache full:https://registry.npmjs.org/json5 set size:undefined disposed:false
318 silly fetch manifest @babel/helper-module-transforms@^7.29.7
319 silly packumentCache full:https://registry.npmjs.org/@babel%2fhelper-module-transforms cache-miss
320 http fetch GET 200 https://registry.npmjs.org/convert-source-map 77ms (cache miss)
321 silly packumentCache full:https://registry.npmjs.org/convert-source-map set size:undefined disposed:false
322 silly fetch manifest @babel/helper-compilation-targets@^7.29.7
323 silly packumentCache full:https://registry.npmjs.org/@babel%2fhelper-compilation-targets cache-miss
324 http fetch GET 200 https://registry.npmjs.org/@babel%2fcode-frame 123ms (cache miss)
325 silly packumentCache full:https://registry.npmjs.org/@babel%2fcode-frame set size:undefined disposed:false
326 silly fetch manifest @babel/helper-plugin-utils@^7.29.7
327 silly packumentCache full:https://registry.npmjs.org/@babel%2fhelper-plugin-utils cache-miss
328 http fetch GET 200 https://registry.npmjs.org/@babel%2fgenerator 135ms (cache miss)
329 silly packumentCache full:https://registry.npmjs.org/@babel%2fgenerator set size:undefined disposed:false
330 silly fetch manifest @babel/helper-plugin-utils@^7.29.7
331 silly packumentCache full:https://registry.npmjs.org/@babel%2fhelper-plugin-utils cache-miss
332 http fetch GET 200 https://registry.npmjs.org/@babel%2fhelpers 152ms (cache miss)
333 silly packumentCache full:https://registry.npmjs.org/@babel%2fhelpers set size:undefined disposed:false
334 silly fetch manifest @babel/types@^7.20.7
335 silly packumentCache full:https://registry.npmjs.org/@babel%2ftypes cache-miss
336 http fetch GET 200 https://registry.npmjs.org/@babel%2ftraverse 162ms (cache miss)
337 silly packumentCache full:https://registry.npmjs.org/@babel%2ftraverse set size:undefined disposed:false
338 silly fetch manifest @babel/parser@^7.20.7
339 silly packumentCache full:https://registry.npmjs.org/@babel%2fparser cache-miss
340 http fetch GET 200 https://registry.npmjs.org/@babel%2fhelper-module-transforms 147ms (cache miss)
341 silly packumentCache full:https://registry.npmjs.org/@babel%2fhelper-module-transforms set size:undefined disposed:false
342 silly fetch manifest @types/babel__template@*
343 silly packumentCache full:https://registry.npmjs.org/@types%2fbabel__template cache-miss
344 http fetch GET 200 https://registry.npmjs.org/@babel%2ftypes 92ms (cache miss)
345 silly packumentCache full:https://registry.npmjs.org/@babel%2ftypes set size:undefined disposed:false
346 silly fetch manifest @types/babel__traverse@*
347 silly packumentCache full:https://registry.npmjs.org/@types%2fbabel__traverse cache-miss
348 http fetch GET 200 https://registry.npmjs.org/@babel%2fhelper-compilation-targets 141ms (cache miss)
349 silly packumentCache full:https://registry.npmjs.org/@babel%2fhelper-compilation-targets set size:undefined disposed:false
350 silly fetch manifest @types/babel__generator@*
351 silly packumentCache full:https://registry.npmjs.org/@types%2fbabel__generator cache-miss
352 http fetch GET 200 https://registry.npmjs.org/@types%2fbabel__template 47ms (cache miss)
353 silly packumentCache full:https://registry.npmjs.org/@types%2fbabel__template set size:undefined disposed:false
354 http fetch GET 200 https://registry.npmjs.org/semver 323ms (cache miss)
355 silly packumentCache full:https://registry.npmjs.org/semver set size:undefined disposed:false
356 http fetch GET 200 https://registry.npmjs.org/@types%2fbabel__generator 66ms (cache miss)
357 silly packumentCache full:https://registry.npmjs.org/@types%2fbabel__generator set size:undefined disposed:false
358 http fetch GET 200 https://registry.npmjs.org/@types%2fbabel__traverse 74ms (cache miss)
359 silly packumentCache full:https://registry.npmjs.org/@types%2fbabel__traverse set size:undefined disposed:false
360 http fetch GET 200 https://registry.npmjs.org/@babel%2ftypes 338ms (cache miss)
361 silly packumentCache full:https://registry.npmjs.org/@babel%2ftypes set size:undefined disposed:false
362 http fetch GET 200 https://registry.npmjs.org/@babel%2fparser 384ms (cache miss)
363 silly packumentCache full:https://registry.npmjs.org/@babel%2fparser set size:undefined disposed:false
364 http fetch GET 200 https://registry.npmjs.org/@babel%2ftemplate 404ms (cache miss)
365 silly packumentCache full:https://registry.npmjs.org/@babel%2ftemplate set size:undefined disposed:false
366 http fetch GET 200 https://registry.npmjs.org/@babel%2fhelper-plugin-utils 290ms (cache miss)
367 silly packumentCache full:https://registry.npmjs.org/@babel%2fhelper-plugin-utils set size:undefined disposed:false
368 http fetch GET 200 https://registry.npmjs.org/@babel%2fhelper-plugin-utils 309ms (cache miss)
369 silly packumentCache full:https://registry.npmjs.org/@babel%2fhelper-plugin-utils set size:undefined disposed:false
370 http fetch GET 200 https://registry.npmjs.org/@jridgewell%2fremapping 371ms (cache miss)
371 silly packumentCache full:https://registry.npmjs.org/@jridgewell%2fremapping set size:undefined disposed:false
372 http fetch GET 200 https://registry.npmjs.org/@babel%2fparser 352ms (cache miss)
373 silly packumentCache full:https://registry.npmjs.org/@babel%2fparser set size:undefined disposed:false
374 silly fetch manifest @babel/core@^7.0.0
375 silly packumentCache full:https://registry.npmjs.org/@babel%2fcore cache-miss
376 http cache https://registry.npmjs.org/@babel%2fcore 14ms (cache hit)
377 silly packumentCache full:https://registry.npmjs.org/@babel%2fcore set size:788258 disposed:false
378 silly placeDep ROOT @babel/code-frame@7.29.7 OK for: @babel/core@7.29.7 want: ^7.29.7
379 silly placeDep ROOT @babel/generator@7.29.7 OK for: @babel/core@7.29.7 want: ^7.29.7
380 silly placeDep ROOT @babel/helper-compilation-targets@7.29.7 OK for: @babel/core@7.29.7 want: ^7.29.7
381 silly placeDep ROOT @babel/helper-module-transforms@7.29.7 OK for: @babel/core@7.29.7 want: ^7.29.7
382 silly placeDep ROOT @babel/helpers@7.29.7 OK for: @babel/core@7.29.7 want: ^7.29.7
383 silly placeDep ROOT @babel/parser@7.29.7 OK for: @babel/core@7.29.7 want: ^7.29.7
384 silly placeDep ROOT @babel/template@7.29.7 OK for: @babel/core@7.29.7 want: ^7.29.7
385 silly placeDep ROOT @babel/traverse@7.29.7 OK for: @babel/core@7.29.7 want: ^7.29.7
386 silly placeDep ROOT @babel/types@7.29.7 OK for: @babel/core@7.29.7 want: ^7.29.7
387 silly placeDep ROOT @jridgewell/remapping@2.3.5 OK for: @babel/core@7.29.7 want: ^2.3.5
388 silly placeDep ROOT convert-source-map@2.0.0 OK for: @babel/core@7.29.7 want: ^2.0.0
389 silly placeDep ROOT debug@4.4.3 OK for: @babel/core@7.29.7 want: ^4.1.0
390 silly placeDep ROOT gensync@1.0.0-beta.2 OK for: @babel/core@7.29.7 want: ^1.0.0-beta.2
391 silly placeDep ROOT json5@2.2.3 OK for: @babel/core@7.29.7 want: ^2.2.3
392 silly placeDep ROOT semver@6.3.1 OK for: @babel/core@7.29.7 want: ^6.3.1
393 silly fetch manifest js-tokens@^4.0.0
394 silly packumentCache full:https://registry.npmjs.org/js-tokens cache-miss
395 silly fetch manifest @babel/helper-validator-identifier@^7.29.7
396 silly packumentCache full:https://registry.npmjs.org/@babel%2fhelper-validator-identifier cache-miss
397 silly fetch manifest jsesc@^3.0.2
398 silly packumentCache full:https://registry.npmjs.org/jsesc cache-miss
399 silly fetch manifest @jridgewell/gen-mapping@^0.3.12
400 silly packumentCache full:https://registry.npmjs.org/@jridgewell%2fgen-mapping cache-miss
401 silly fetch manifest @jridgewell/trace-mapping@^0.3.28
402 silly packumentCache full:https://registry.npmjs.org/@jridgewell%2ftrace-mapping cache-miss
403 silly fetch manifest lru-cache@^5.1.1
404 silly packumentCache full:https://registry.npmjs.org/lru-cache cache-miss
405 silly fetch manifest browserslist@^4.24.0
406 silly packumentCache full:https://registry.npmjs.org/browserslist cache-miss
407 silly fetch manifest @babel/compat-data@^7.29.7
408 silly packumentCache full:https://registry.npmjs.org/@babel%2fcompat-data cache-miss
409 silly fetch manifest @babel/helper-validator-option@^7.29.7
410 silly packumentCache full:https://registry.npmjs.org/@babel%2fhelper-validator-option cache-miss
411 silly fetch manifest @babel/helper-module-imports@^7.29.7
412 silly packumentCache full:https://registry.npmjs.org/@babel%2fhelper-module-imports cache-miss
413 silly fetch manifest @babel/helper-validator-identifier@^7.29.7
414 silly packumentCache full:https://registry.npmjs.org/@babel%2fhelper-validator-identifier cache-miss
415 http cache https://registry.npmjs.org/browserslist 19ms (cache hit)
416 silly packumentCache full:https://registry.npmjs.org/browserslist set size:509301 disposed:false
417 silly fetch manifest debug@^4.3.1
418 silly packumentCache full:https://registry.npmjs.org/debug cache-miss
419 http cache https://registry.npmjs.org/debug 11ms (cache hit)
420 silly packumentCache full:https://registry.npmjs.org/debug set size:195840 disposed:false
421 silly fetch manifest @babel/helper-globals@^7.29.7
422 silly packumentCache full:https://registry.npmjs.org/@babel%2fhelper-globals cache-miss
423 http fetch GET 200 https://registry.npmjs.org/@jridgewell%2fgen-mapping 68ms (cache miss)
424 silly packumentCache full:https://registry.npmjs.org/@jridgewell%2fgen-mapping set size:undefined disposed:false
425 silly fetch manifest @babel/helper-string-parser@^7.29.7
426 silly packumentCache full:https://registry.npmjs.org/@babel%2fhelper-string-parser cache-miss
427 http fetch GET 200 https://registry.npmjs.org/@babel%2fhelper-validator-option 75ms (cache miss)
428 silly packumentCache full:https://registry.npmjs.org/@babel%2fhelper-validator-option set size:undefined disposed:false
429 silly fetch manifest @babel/helper-validator-identifier@^7.29.7
430 silly packumentCache full:https://registry.npmjs.org/@babel%2fhelper-validator-identifier cache-miss
431 http fetch GET 200 https://registry.npmjs.org/@babel%2fhelper-validator-identifier 81ms (cache miss)
432 silly packumentCache full:https://registry.npmjs.org/@babel%2fhelper-validator-identifier set size:undefined disposed:false
433 silly fetch manifest @jridgewell/gen-mapping@^0.3.5
434 silly packumentCache full:https://registry.npmjs.org/@jridgewell%2fgen-mapping cache-miss
435 http fetch GET 200 https://registry.npmjs.org/@babel%2fhelper-validator-identifier 86ms (cache miss)
436 silly packumentCache full:https://registry.npmjs.org/@babel%2fhelper-validator-identifier set size:undefined disposed:false
437 silly fetch manifest @jridgewell/trace-mapping@^0.3.24
438 silly packumentCache full:https://registry.npmjs.org/@jridgewell%2ftrace-mapping cache-miss
439 http fetch GET 200 https://registry.npmjs.org/jsesc 102ms (cache miss)
440 silly packumentCache full:https://registry.npmjs.org/jsesc set size:undefined disposed:false
441 silly fetch manifest ms@^2.1.3
442 silly packumentCache full:https://registry.npmjs.org/ms cache-miss
443 http fetch GET 200 https://registry.npmjs.org/@babel%2fhelper-globals 62ms (cache miss)
444 silly packumentCache full:https://registry.npmjs.org/@babel%2fhelper-globals set size:undefined disposed:false
445 http cache https://registry.npmjs.org/@jridgewell%2fgen-mapping 26ms (cache hit)
446 silly packumentCache full:https://registry.npmjs.org/@jridgewell%2fgen-mapping set size:75941 disposed:false
447 http cache https://registry.npmjs.org/@babel%2fhelper-validator-identifier 32ms (cache hit)
448 silly packumentCache full:https://registry.npmjs.org/@babel%2fhelper-validator-identifier set size:127858 disposed:false
449 http fetch GET 200 https://registry.npmjs.org/lru-cache 114ms (cache miss)
450 silly packumentCache full:https://registry.npmjs.org/lru-cache set size:undefined disposed:false
451 http fetch GET 200 https://registry.npmjs.org/@babel%2fhelper-module-imports 120ms (cache miss)
452 silly packumentCache full:https://registry.npmjs.org/@babel%2fhelper-module-imports set size:undefined disposed:false
453 http fetch GET 200 https://registry.npmjs.org/@babel%2fhelper-string-parser 65ms (cache miss)
454 silly packumentCache full:https://registry.npmjs.org/@babel%2fhelper-string-parser set size:undefined disposed:false
455 http fetch GET 200 https://registry.npmjs.org/ms 44ms (cache miss)
456 silly packumentCache full:https://registry.npmjs.org/ms set size:undefined disposed:false
457 http fetch GET 200 https://registry.npmjs.org/@babel%2fcompat-data 153ms (cache miss)
458 silly packumentCache full:https://registry.npmjs.org/@babel%2fcompat-data set size:undefined disposed:false
459 http fetch GET 200 https://registry.npmjs.org/js-tokens 290ms (cache miss)
460 silly packumentCache full:https://registry.npmjs.org/js-tokens set size:undefined disposed:false
461 http fetch GET 200 https://registry.npmjs.org/@jridgewell%2ftrace-mapping 309ms (cache miss)
462 silly packumentCache full:https://registry.npmjs.org/@jridgewell%2ftrace-mapping set size:undefined disposed:false
463 http fetch GET 200 https://registry.npmjs.org/@jridgewell%2ftrace-mapping 284ms (cache miss)
464 silly packumentCache full:https://registry.npmjs.org/@jridgewell%2ftrace-mapping set size:undefined disposed:false
465 silly placeDep ROOT @babel/helper-validator-identifier@7.29.7 OK for: @babel/code-frame@7.29.7 want: ^7.29.7
466 silly placeDep ROOT js-tokens@4.0.0 OK for: @babel/code-frame@7.29.7 want: ^4.0.0
467 silly placeDep ROOT picocolors@1.1.1 OK for: @babel/code-frame@7.29.7 want: ^1.1.1
468 silly placeDep ROOT @jridgewell/gen-mapping@0.3.13 OK for: @babel/generator@7.29.7 want: ^0.3.12
469 silly placeDep ROOT @jridgewell/trace-mapping@0.3.31 OK for: @babel/generator@7.29.7 want: ^0.3.28
470 silly placeDep ROOT jsesc@3.1.0 OK for: @babel/generator@7.29.7 want: ^3.0.2
471 silly fetch manifest @jridgewell/sourcemap-codec@^1.5.0
472 silly packumentCache full:https://registry.npmjs.org/@jridgewell%2fsourcemap-codec cache-miss
473 silly fetch manifest @jridgewell/resolve-uri@^3.1.0
474 silly packumentCache full:https://registry.npmjs.org/@jridgewell%2fresolve-uri cache-miss
475 silly fetch manifest @jridgewell/sourcemap-codec@^1.4.14
476 silly packumentCache full:https://registry.npmjs.org/@jridgewell%2fsourcemap-codec cache-miss
477 http fetch GET 200 https://registry.npmjs.org/@jridgewell%2fresolve-uri 60ms (cache miss)
478 silly packumentCache full:https://registry.npmjs.org/@jridgewell%2fresolve-uri set size:undefined disposed:false
479 http fetch GET 200 https://registry.npmjs.org/@jridgewell%2fsourcemap-codec 64ms (cache miss)
480 silly packumentCache full:https://registry.npmjs.org/@jridgewell%2fsourcemap-codec set size:undefined disposed:false
481 http fetch GET 200 https://registry.npmjs.org/@jridgewell%2fsourcemap-codec 394ms (cache miss)
482 silly packumentCache full:https://registry.npmjs.org/@jridgewell%2fsourcemap-codec set size:undefined disposed:false
483 silly placeDep ROOT @babel/compat-data@7.29.7 OK for: @babel/helper-compilation-targets@7.29.7 want: ^7.29.7
484 silly placeDep ROOT @babel/helper-validator-option@7.29.7 OK for: @babel/helper-compilation-targets@7.29.7 want: ^7.29.7
485 silly placeDep ROOT browserslist@4.28.4 OK for: @babel/helper-compilation-targets@7.29.7 want: ^4.24.0
486 silly placeDep ROOT lru-cache@5.1.1 OK for: @babel/helper-compilation-targets@7.29.7 want: ^5.1.1
487 silly fetch manifest node-releases@^2.0.48
488 silly packumentCache full:https://registry.npmjs.org/node-releases cache-miss
489 silly fetch manifest electron-to-chromium@^1.5.376
490 silly packumentCache full:https://registry.npmjs.org/electron-to-chromium cache-miss
491 silly fetch manifest update-browserslist-db@^1.2.3
492 silly packumentCache full:https://registry.npmjs.org/update-browserslist-db cache-miss
493 silly fetch manifest baseline-browser-mapping@^2.10.38
494 silly packumentCache full:https://registry.npmjs.org/baseline-browser-mapping cache-miss
495 silly fetch manifest yallist@^3.0.2
496 silly packumentCache full:https://registry.npmjs.org/yallist cache-miss
497 http fetch GET 200 https://registry.npmjs.org/update-browserslist-db 50ms (cache miss)
498 silly packumentCache full:https://registry.npmjs.org/update-browserslist-db set size:undefined disposed:false
499 http fetch GET 200 https://registry.npmjs.org/yallist 62ms (cache miss)
500 silly packumentCache full:https://registry.npmjs.org/yallist set size:undefined disposed:false
501 http fetch GET 200 https://registry.npmjs.org/baseline-browser-mapping 65ms (cache miss)
502 silly packumentCache full:https://registry.npmjs.org/baseline-browser-mapping set size:undefined disposed:false
503 http fetch GET 200 https://registry.npmjs.org/node-releases 88ms (cache miss)
504 silly packumentCache full:https://registry.npmjs.org/node-releases set size:undefined disposed:false
505 http fetch GET 200 https://registry.npmjs.org/electron-to-chromium 1344ms (cache miss)
506 silly packumentCache full:https://registry.npmjs.org/electron-to-chromium set size:undefined disposed:false
507 silly placeDep ROOT @babel/helper-module-imports@7.29.7 OK for: @babel/helper-module-transforms@7.29.7 want: ^7.29.7
508 silly placeDep ROOT @babel/helper-plugin-utils@7.29.7 OK for: @babel/plugin-transform-react-jsx-self@7.29.7 want: ^7.29.7
509 silly placeDep ROOT @babel/helper-globals@7.29.7 OK for: @babel/traverse@7.29.7 want: ^7.29.7
510 silly placeDep ROOT @babel/helper-string-parser@7.29.7 OK for: @babel/types@7.29.7 want: ^7.29.7
511 silly placeDep ROOT @jridgewell/sourcemap-codec@1.5.5 OK for: @jridgewell/gen-mapping@0.3.13 want: ^1.5.0
512 silly placeDep ROOT @jridgewell/resolve-uri@3.1.2 OK for: @jridgewell/trace-mapping@0.3.31 want: ^3.1.0
513 silly placeDep ROOT @types/babel__generator@7.27.0 OK for: @types/babel__core@7.20.5 want: *
514 silly placeDep ROOT @types/babel__template@7.4.4 OK for: @types/babel__core@7.20.5 want: *
515 silly placeDep ROOT @types/babel__traverse@7.28.0 OK for: @types/babel__core@7.20.5 want: *
516 silly placeDep ROOT caniuse-lite@1.0.30001800 OK for: autoprefixer@10.5.2 want: ^1.0.30001799
517 silly placeDep ROOT fraction.js@5.3.4 OK for: autoprefixer@10.5.2 want: ^5.3.4
518 silly placeDep ROOT postcss-value-parser@4.2.0 OK for: autoprefixer@10.5.2 want: ^4.2.0
519 silly fetch manifest browserslist@>= 4.21.0
520 silly packumentCache full:https://registry.npmjs.org/browserslist cache-hit
521 silly placeDep ROOT baseline-browser-mapping@2.10.40 OK for: browserslist@4.28.4 want: ^2.10.38
522 silly placeDep ROOT electron-to-chromium@1.5.383 OK for: browserslist@4.28.4 want: ^1.5.376
523 silly placeDep ROOT node-releases@2.0.50 OK for: browserslist@4.28.4 want: ^2.0.48
524 silly placeDep ROOT update-browserslist-db@1.2.3 OK for: browserslist@4.28.4 want: ^1.2.3
525 silly fetch manifest escalade@^3.2.0
526 silly packumentCache full:https://registry.npmjs.org/escalade cache-miss
527 http fetch GET 200 https://registry.npmjs.org/escalade 45ms (cache miss)
528 silly packumentCache full:https://registry.npmjs.org/escalade set size:undefined disposed:false
529 silly placeDep ROOT ms@2.1.3 OK for: debug@4.4.3 want: ^2.1.3
530 silly placeDep ROOT yallist@3.1.1 OK for: lru-cache@5.1.1 want: ^3.0.2
531 silly placeDep ROOT nanoid@3.3.15 OK for: postcss@8.5.16 want: ^3.3.12
532 silly placeDep ROOT source-map-js@1.2.1 OK for: postcss@8.5.16 want: ^1.2.1
533 silly placeDep ROOT loose-envify@1.4.0 OK for: react@18.3.1 want: ^1.1.0
534 silly placeDep ROOT scheduler@0.23.2 OK for: react-dom@18.3.1 want: ^0.23.2
535 silly fetch manifest postcss@^8.4.47
536 silly packumentCache full:https://registry.npmjs.org/postcss cache-hit
537 silly placeDep ROOT @alloc/quick-lru@5.2.0 OK for: tailwindcss@3.4.19 want: ^5.2.0
538 silly placeDep ROOT arg@5.0.2 OK for: tailwindcss@3.4.19 want: ^5.0.2
539 silly placeDep ROOT chokidar@3.6.0 OK for: tailwindcss@3.4.19 want: ^3.6.0
540 silly placeDep ROOT didyoumean@1.2.2 OK for: tailwindcss@3.4.19 want: ^1.2.2
541 silly placeDep ROOT dlv@1.1.3 OK for: tailwindcss@3.4.19 want: ^1.1.3
542 silly placeDep ROOT fast-glob@3.3.3 OK for: tailwindcss@3.4.19 want: ^3.3.2
543 silly placeDep ROOT glob-parent@6.0.2 OK for: tailwindcss@3.4.19 want: ^6.0.2
544 silly placeDep ROOT is-glob@4.0.3 OK for: tailwindcss@3.4.19 want: ^4.0.3
545 silly placeDep ROOT jiti@1.21.7 OK for: tailwindcss@3.4.19 want: ^1.21.7
546 silly placeDep ROOT lilconfig@3.1.3 OK for: tailwindcss@3.4.19 want: ^3.1.3
547 silly placeDep ROOT micromatch@4.0.8 OK for: tailwindcss@3.4.19 want: ^4.0.8
548 silly placeDep ROOT normalize-path@3.0.0 OK for: tailwindcss@3.4.19 want: ^3.0.0
549 silly placeDep ROOT object-hash@3.0.0 OK for: tailwindcss@3.4.19 want: ^3.0.0
550 silly placeDep ROOT postcss-import@15.1.0 OK for: tailwindcss@3.4.19 want: ^15.1.0
551 silly placeDep ROOT postcss-js@4.1.0 OK for: tailwindcss@3.4.19 want: ^4.0.1
552 silly placeDep ROOT postcss-load-config@6.0.1 OK for: tailwindcss@3.4.19 want: ^4.0.2 || ^5.0 || ^6.0
553 silly placeDep ROOT postcss-nested@6.2.0 OK for: tailwindcss@3.4.19 want: ^6.2.0
554 silly placeDep ROOT postcss-selector-parser@6.1.4 OK for: tailwindcss@3.4.19 want: ^6.1.2
555 silly placeDep ROOT resolve@1.22.12 OK for: tailwindcss@3.4.19 want: ^1.22.8
556 silly placeDep ROOT sucrase@3.35.1 OK for: tailwindcss@3.4.19 want: ^3.35.0
557 silly fetch manifest braces@~3.0.2
558 silly packumentCache full:https://registry.npmjs.org/braces cache-miss
559 silly fetch manifest is-glob@~4.0.1
560 silly packumentCache full:https://registry.npmjs.org/is-glob cache-miss
561 silly fetch manifest anymatch@~3.1.2
562 silly packumentCache full:https://registry.npmjs.org/anymatch cache-miss
563 silly fetch manifest readdirp@~3.6.0
564 silly packumentCache full:https://registry.npmjs.org/readdirp cache-miss
565 silly fetch manifest glob-parent@~5.1.2
566 silly packumentCache full:https://registry.npmjs.org/glob-parent cache-miss
567 silly fetch manifest is-binary-path@~2.1.0
568 silly packumentCache full:https://registry.npmjs.org/is-binary-path cache-miss
569 silly fetch manifest normalize-path@~3.0.0
570 silly packumentCache full:https://registry.npmjs.org/normalize-path cache-miss
571 silly fetch manifest fsevents@~2.3.2
572 silly packumentCache full:https://registry.npmjs.org/fsevents cache-miss
573 silly fetch manifest @nodelib/fs.stat@^2.0.2
574 silly packumentCache full:https://registry.npmjs.org/@nodelib%2ffs.stat cache-miss
575 silly fetch manifest @nodelib/fs.walk@^1.2.3
576 silly packumentCache full:https://registry.npmjs.org/@nodelib%2ffs.walk cache-miss
577 silly fetch manifest glob-parent@^5.1.2
578 silly packumentCache full:https://registry.npmjs.org/glob-parent cache-miss
579 http cache https://registry.npmjs.org/glob-parent 24ms (cache hit)
580 silly packumentCache full:https://registry.npmjs.org/glob-parent set size:42445 disposed:false
581 silly fetch manifest merge2@^1.3.0
582 silly packumentCache full:https://registry.npmjs.org/merge2 cache-miss
583 http cache https://registry.npmjs.org/is-glob 31ms (cache hit)
584 silly packumentCache full:https://registry.npmjs.org/is-glob set size:40530 disposed:false
585 silly fetch manifest is-extglob@^2.1.1
586 silly packumentCache full:https://registry.npmjs.org/is-extglob cache-miss
587 http cache https://registry.npmjs.org/normalize-path 33ms (cache hit)
588 silly packumentCache full:https://registry.npmjs.org/normalize-path set size:28713 disposed:false
589 silly fetch manifest braces@^3.0.3
590 silly packumentCache full:https://registry.npmjs.org/braces cache-miss
591 http cache https://registry.npmjs.org/fsevents 42ms (cache hit)
592 silly packumentCache full:https://registry.npmjs.org/fsevents set size:182472 disposed:false
593 silly fetch manifest picomatch@^2.3.1
594 silly packumentCache full:https://registry.npmjs.org/picomatch cache-miss
595 http cache https://registry.npmjs.org/glob-parent 47ms (cache hit)
596 silly packumentCache full:https://registry.npmjs.org/glob-parent set size:42445 disposed:false
597 silly packumentCache full:https://registry.npmjs.org/glob-parent dispose
598 silly fetch manifest resolve@^1.1.7
599 silly packumentCache full:https://registry.npmjs.org/resolve cache-miss
600 http fetch GET 200 https://registry.npmjs.org/is-binary-path 74ms (cache miss)
601 silly packumentCache full:https://registry.npmjs.org/is-binary-path set size:undefined disposed:false
602 silly fetch manifest read-cache@^1.0.0
603 silly packumentCache full:https://registry.npmjs.org/read-cache cache-miss
604 http fetch GET 200 https://registry.npmjs.org/@nodelib%2ffs.stat 77ms (cache miss)
605 silly packumentCache full:https://registry.npmjs.org/@nodelib%2ffs.stat set size:undefined disposed:false
606 silly fetch manifest camelcase-css@^2.0.1
607 silly packumentCache full:https://registry.npmjs.org/camelcase-css cache-miss
608 http cache https://registry.npmjs.org/resolve 33ms (cache hit)
609 silly packumentCache full:https://registry.npmjs.org/resolve set size:244568 disposed:false
610 silly fetch manifest postcss-selector-parser@^6.1.1
611 silly packumentCache full:https://registry.npmjs.org/postcss-selector-parser cache-miss
612 http fetch GET 200 https://registry.npmjs.org/anymatch 91ms (cache miss)
613 silly packumentCache full:https://registry.npmjs.org/anymatch set size:undefined disposed:false
614 silly fetch manifest cssesc@^3.0.0
615 silly packumentCache full:https://registry.npmjs.org/cssesc cache-miss
616 http fetch GET 200 https://registry.npmjs.org/braces 98ms (cache miss)
617 silly packumentCache full:https://registry.npmjs.org/braces set size:undefined disposed:false
618 silly fetch manifest util-deprecate@^1.0.2
619 silly packumentCache full:https://registry.npmjs.org/util-deprecate cache-miss
620 http cache https://registry.npmjs.org/picomatch 54ms (cache hit)
621 silly packumentCache full:https://registry.npmjs.org/picomatch set size:126376 disposed:false
622 silly fetch manifest es-errors@^1.3.0
623 silly packumentCache full:https://registry.npmjs.org/es-errors cache-miss
624 http fetch GET 200 https://registry.npmjs.org/@nodelib%2ffs.walk 108ms (cache miss)
625 silly packumentCache full:https://registry.npmjs.org/@nodelib%2ffs.walk set size:undefined disposed:false
626 silly fetch manifest path-parse@^1.0.7
627 silly packumentCache full:https://registry.npmjs.org/path-parse cache-miss
628 http fetch GET 200 https://registry.npmjs.org/readdirp 116ms (cache miss)
629 silly packumentCache full:https://registry.npmjs.org/readdirp set size:undefined disposed:false
630 silly fetch manifest is-core-module@^2.16.1
631 silly packumentCache full:https://registry.npmjs.org/is-core-module cache-miss
632 http fetch GET 200 https://registry.npmjs.org/is-extglob 88ms (cache miss)
633 silly packumentCache full:https://registry.npmjs.org/is-extglob set size:undefined disposed:false
634 silly fetch manifest supports-preserve-symlinks-flag@^1.0.0
635 silly packumentCache full:https://registry.npmjs.org/supports-preserve-symlinks-flag cache-miss
636 http fetch GET 200 https://registry.npmjs.org/braces 103ms (cache miss)
637 silly packumentCache full:https://registry.npmjs.org/braces set size:undefined disposed:false
638 silly fetch manifest commander@^4.0.0
639 silly packumentCache full:https://registry.npmjs.org/commander cache-miss
640 http cache https://registry.npmjs.org/postcss-selector-parser 57ms (cache hit)
641 silly packumentCache full:https://registry.npmjs.org/postcss-selector-parser set size:193966 disposed:false
642 silly fetch manifest lines-and-columns@^1.1.6
643 silly packumentCache full:https://registry.npmjs.org/lines-and-columns cache-miss
644 http fetch GET 200 https://registry.npmjs.org/merge2 129ms (cache miss)
645 silly packumentCache full:https://registry.npmjs.org/merge2 set size:undefined disposed:false
646 silly fetch manifest mz@^2.7.0
647 silly packumentCache full:https://registry.npmjs.org/mz cache-miss
648 http fetch GET 200 https://registry.npmjs.org/camelcase-css 85ms (cache miss)
649 silly packumentCache full:https://registry.npmjs.org/camelcase-css set size:undefined disposed:false
650 silly fetch manifest pirates@^4.0.1
651 silly packumentCache full:https://registry.npmjs.org/pirates cache-miss
652 http fetch GET 200 https://registry.npmjs.org/cssesc 77ms (cache miss)
653 silly packumentCache full:https://registry.npmjs.org/cssesc set size:undefined disposed:false
654 silly fetch manifest tinyglobby@^0.2.11
655 silly packumentCache full:https://registry.npmjs.org/tinyglobby cache-miss
656 http fetch GET 200 https://registry.npmjs.org/read-cache 95ms (cache miss)
657 silly packumentCache full:https://registry.npmjs.org/read-cache set size:undefined disposed:false
658 silly fetch manifest ts-interface-checker@^0.1.9
659 silly packumentCache full:https://registry.npmjs.org/ts-interface-checker cache-miss
660 http fetch GET 200 https://registry.npmjs.org/util-deprecate 74ms (cache miss)
661 silly packumentCache full:https://registry.npmjs.org/util-deprecate set size:undefined disposed:false
662 http fetch GET 200 https://registry.npmjs.org/path-parse 74ms (cache miss)
663 silly packumentCache full:https://registry.npmjs.org/path-parse set size:undefined disposed:false
664 http fetch GET 200 https://registry.npmjs.org/es-errors 85ms (cache miss)
665 silly packumentCache full:https://registry.npmjs.org/es-errors set size:undefined disposed:false
666 http fetch GET 200 https://registry.npmjs.org/supports-preserve-symlinks-flag 69ms (cache miss)
667 silly packumentCache full:https://registry.npmjs.org/supports-preserve-symlinks-flag set size:undefined disposed:false
668 http cache https://registry.npmjs.org/tinyglobby 21ms (cache hit)
669 silly packumentCache full:https://registry.npmjs.org/tinyglobby set size:54291 disposed:false
670 http fetch GET 200 https://registry.npmjs.org/is-core-module 76ms (cache miss)
671 silly packumentCache full:https://registry.npmjs.org/is-core-module set size:undefined disposed:false
672 http fetch GET 200 https://registry.npmjs.org/mz 64ms (cache miss)
673 silly packumentCache full:https://registry.npmjs.org/mz set size:undefined disposed:false
674 http fetch GET 200 https://registry.npmjs.org/ts-interface-checker 50ms (cache miss)
675 silly packumentCache full:https://registry.npmjs.org/ts-interface-checker set size:undefined disposed:false
676 http fetch GET 200 https://registry.npmjs.org/pirates 58ms (cache miss)
677 silly packumentCache full:https://registry.npmjs.org/pirates set size:undefined disposed:false
678 http fetch GET 200 https://registry.npmjs.org/commander 87ms (cache miss)
679 silly packumentCache full:https://registry.npmjs.org/commander set size:undefined disposed:false
680 http fetch GET 200 https://registry.npmjs.org/lines-and-columns 82ms (cache miss)
681 silly packumentCache full:https://registry.npmjs.org/lines-and-columns set size:undefined disposed:false
682 silly placeDep ROOT anymatch@3.1.3 OK for: chokidar@3.6.0 want: ~3.1.2
683 silly placeDep ROOT braces@3.0.3 OK for: chokidar@3.6.0 want: ~3.0.2
684 silly placeDep ROOT fsevents@2.3.3 OK for: chokidar@3.6.0 want: ~2.3.2
685 silly placeDep node_modules/chokidar glob-parent@5.1.2 OK for: chokidar@3.6.0 want: ~5.1.2
686 silly placeDep ROOT is-binary-path@2.1.0 OK for: chokidar@3.6.0 want: ~2.1.0
687 silly placeDep ROOT readdirp@3.6.0 OK for: chokidar@3.6.0 want: ~3.6.0
688 silly fetch manifest picomatch@^2.0.4
689 silly packumentCache full:https://registry.npmjs.org/picomatch cache-hit
690 silly fetch manifest fill-range@^7.1.1
691 silly packumentCache full:https://registry.npmjs.org/fill-range cache-miss
692 silly fetch manifest binary-extensions@^2.0.0
693 silly packumentCache full:https://registry.npmjs.org/binary-extensions cache-miss
694 silly fetch manifest picomatch@^2.2.1
695 silly packumentCache full:https://registry.npmjs.org/picomatch cache-hit
696 http fetch GET 200 https://registry.npmjs.org/fill-range 45ms (cache miss)
697 silly packumentCache full:https://registry.npmjs.org/fill-range set size:undefined disposed:false
698 http fetch GET 200 https://registry.npmjs.org/binary-extensions 50ms (cache miss)
699 silly packumentCache full:https://registry.npmjs.org/binary-extensions set size:undefined disposed:false
700 silly placeDep ROOT picomatch@2.3.2 OK for: anymatch@3.1.3 want: ^2.0.4
701 silly placeDep ROOT fill-range@7.1.1 OK for: braces@3.0.3 want: ^7.1.1
702 silly fetch manifest to-regex-range@^5.0.1
703 silly packumentCache full:https://registry.npmjs.org/to-regex-range cache-miss
704 http fetch GET 200 https://registry.npmjs.org/to-regex-range 94ms (cache miss)
705 silly packumentCache full:https://registry.npmjs.org/to-regex-range set size:undefined disposed:false
706 silly placeDep ROOT @nodelib/fs.stat@2.0.5 OK for: fast-glob@3.3.3 want: ^2.0.2
707 silly placeDep ROOT @nodelib/fs.walk@1.2.8 OK for: fast-glob@3.3.3 want: ^1.2.3
708 silly placeDep node_modules/fast-glob glob-parent@5.1.2 OK for: fast-glob@3.3.3 want: ^5.1.2
709 silly placeDep ROOT merge2@1.4.1 OK for: fast-glob@3.3.3 want: ^1.3.0
710 silly fetch manifest fastq@^1.6.0
711 silly packumentCache full:https://registry.npmjs.org/fastq cache-miss
712 silly fetch manifest @nodelib/fs.scandir@2.1.5
713 silly packumentCache full:https://registry.npmjs.org/@nodelib%2ffs.scandir cache-miss
714 http fetch GET 200 https://registry.npmjs.org/fastq 49ms (cache miss)
715 silly packumentCache full:https://registry.npmjs.org/fastq set size:undefined disposed:false
716 http fetch GET 200 https://registry.npmjs.org/@nodelib%2ffs.scandir 64ms (cache miss)
717 silly packumentCache full:https://registry.npmjs.org/@nodelib%2ffs.scandir set size:undefined disposed:false
718 silly placeDep ROOT @nodelib/fs.scandir@2.1.5 OK for: @nodelib/fs.walk@1.2.8 want: 2.1.5
719 silly placeDep ROOT fastq@1.20.1 OK for: @nodelib/fs.walk@1.2.8 want: ^1.6.0
720 silly fetch manifest run-parallel@^1.1.9
721 silly packumentCache full:https://registry.npmjs.org/run-parallel cache-miss
722 silly fetch manifest reusify@^1.0.4
723 silly packumentCache full:https://registry.npmjs.org/reusify cache-miss
724 http fetch GET 200 https://registry.npmjs.org/reusify 34ms (cache miss)
725 silly packumentCache full:https://registry.npmjs.org/reusify set size:undefined disposed:false
726 http fetch GET 200 https://registry.npmjs.org/run-parallel 43ms (cache miss)
727 silly packumentCache full:https://registry.npmjs.org/run-parallel set size:undefined disposed:false
728 silly placeDep ROOT run-parallel@1.2.0 OK for: @nodelib/fs.scandir@2.1.5 want: ^1.1.9
729 silly fetch manifest queue-microtask@^1.2.2
730 silly packumentCache full:https://registry.npmjs.org/queue-microtask cache-miss
731 http fetch GET 200 https://registry.npmjs.org/queue-microtask 42ms (cache miss)
732 silly packumentCache full:https://registry.npmjs.org/queue-microtask set size:undefined disposed:false
733 silly placeDep ROOT reusify@1.1.0 OK for: fastq@1.20.1 want: ^1.0.4
734 silly placeDep ROOT to-regex-range@5.0.1 OK for: fill-range@7.1.1 want: ^5.0.1
735 silly fetch manifest is-number@^7.0.0
736 silly packumentCache full:https://registry.npmjs.org/is-number cache-miss
737 http fetch GET 200 https://registry.npmjs.org/is-number 38ms (cache miss)
738 silly packumentCache full:https://registry.npmjs.org/is-number set size:undefined disposed:false
739 silly placeDep ROOT binary-extensions@2.3.0 OK for: is-binary-path@2.1.0 want: ^2.0.0
740 silly placeDep ROOT is-extglob@2.1.1 OK for: is-glob@4.0.3 want: ^2.1.1
741 silly placeDep ROOT read-cache@1.0.0 OK for: postcss-import@15.1.0 want: ^1.0.0
742 silly fetch manifest pify@^2.3.0
743 silly packumentCache full:https://registry.npmjs.org/pify cache-miss
744 http fetch GET 200 https://registry.npmjs.org/pify 31ms (cache miss)
745 silly packumentCache full:https://registry.npmjs.org/pify set size:undefined disposed:false
746 silly placeDep ROOT camelcase-css@2.0.1 OK for: postcss-js@4.1.0 want: ^2.0.1
747 silly placeDep ROOT cssesc@3.0.0 OK for: postcss-selector-parser@6.1.4 want: ^3.0.0
748 silly placeDep ROOT util-deprecate@1.0.2 OK for: postcss-selector-parser@6.1.4 want: ^1.0.2
749 silly placeDep ROOT pify@2.3.0 OK for: read-cache@1.0.0 want: ^2.3.0
750 silly placeDep ROOT es-errors@1.3.0 OK for: resolve@1.22.12 want: ^1.3.0
751 silly placeDep ROOT is-core-module@2.16.2 OK for: resolve@1.22.12 want: ^2.16.1
752 silly placeDep ROOT path-parse@1.0.7 OK for: resolve@1.22.12 want: ^1.0.7
753 silly placeDep ROOT supports-preserve-symlinks-flag@1.0.0 OK for: resolve@1.22.12 want: ^1.0.0
754 silly fetch manifest hasown@^2.0.3
755 silly packumentCache full:https://registry.npmjs.org/hasown cache-miss
756 http fetch GET 200 https://registry.npmjs.org/hasown 41ms (cache miss)
757 silly packumentCache full:https://registry.npmjs.org/hasown set size:undefined disposed:false
758 silly placeDep ROOT hasown@2.0.4 OK for: is-core-module@2.16.2 want: ^2.0.3
759 silly fetch manifest function-bind@^1.1.2
760 silly packumentCache full:https://registry.npmjs.org/function-bind cache-miss
761 http fetch GET 200 https://registry.npmjs.org/function-bind 304ms (cache miss)
762 silly packumentCache full:https://registry.npmjs.org/function-bind set size:undefined disposed:false
763 silly placeDep ROOT function-bind@1.1.2 OK for: hasown@2.0.4 want: ^1.1.2
764 silly placeDep ROOT queue-microtask@1.2.3 OK for: run-parallel@1.2.0 want: ^1.2.2
765 silly placeDep ROOT commander@4.1.1 OK for: sucrase@3.35.1 want: ^4.0.0
766 silly placeDep ROOT lines-and-columns@1.2.4 OK for: sucrase@3.35.1 want: ^1.1.6
767 silly placeDep ROOT mz@2.7.0 OK for: sucrase@3.35.1 want: ^2.7.0
768 silly placeDep ROOT pirates@4.0.7 OK for: sucrase@3.35.1 want: ^4.0.1
769 silly placeDep ROOT tinyglobby@0.2.17 OK for: sucrase@3.35.1 want: ^0.2.11
770 silly placeDep ROOT ts-interface-checker@0.1.13 OK for: sucrase@3.35.1 want: ^0.1.9
771 silly fetch manifest any-promise@^1.0.0
772 silly packumentCache full:https://registry.npmjs.org/any-promise cache-miss
773 silly fetch manifest object-assign@^4.0.1
774 silly packumentCache full:https://registry.npmjs.org/object-assign cache-miss
775 silly fetch manifest thenify-all@^1.0.0
776 silly packumentCache full:https://registry.npmjs.org/thenify-all cache-miss
777 silly fetch manifest fdir@^6.5.0
778 silly packumentCache full:https://registry.npmjs.org/fdir cache-miss
779 silly fetch manifest picomatch@^4.0.4
780 silly packumentCache full:https://registry.npmjs.org/picomatch cache-hit
781 http cache https://registry.npmjs.org/fdir 13ms (cache hit)
782 silly packumentCache full:https://registry.npmjs.org/fdir set size:136182 disposed:false
783 http fetch GET 200 https://registry.npmjs.org/any-promise 41ms (cache miss)
784 silly packumentCache full:https://registry.npmjs.org/any-promise set size:undefined disposed:false
785 http fetch GET 200 https://registry.npmjs.org/object-assign 43ms (cache miss)
786 silly packumentCache full:https://registry.npmjs.org/object-assign set size:undefined disposed:false
787 http fetch GET 200 https://registry.npmjs.org/thenify-all 46ms (cache miss)
788 silly packumentCache full:https://registry.npmjs.org/thenify-all set size:undefined disposed:false
789 silly placeDep ROOT any-promise@1.3.0 OK for: mz@2.7.0 want: ^1.0.0
790 silly placeDep ROOT object-assign@4.1.1 OK for: mz@2.7.0 want: ^4.0.1
791 silly placeDep ROOT thenify-all@1.6.0 OK for: mz@2.7.0 want: ^1.0.0
792 silly fetch manifest thenify@>= 3.1.0 < 4
793 silly packumentCache full:https://registry.npmjs.org/thenify cache-miss
794 http fetch GET 200 https://registry.npmjs.org/thenify 31ms (cache miss)
795 silly packumentCache full:https://registry.npmjs.org/thenify set size:undefined disposed:false
796 silly placeDep ROOT thenify@3.3.1 OK for: thenify-all@1.6.0 want: >= 3.1.0 < 4
797 silly placeDep node_modules/tinyglobby fdir@6.5.0 OK for: tinyglobby@0.2.17 want: ^6.5.0
798 silly placeDep node_modules/tinyglobby picomatch@4.0.4 OK for: fdir@6.5.0 want: ^3 || ^4
799 silly placeDep ROOT is-number@7.0.0 OK for: to-regex-range@5.0.1 want: ^7.0.0
800 silly placeDep ROOT escalade@3.2.0 OK for: update-browserslist-db@1.2.3 want: ^3.2.0
801 silly placeDep ROOT esbuild@0.25.12 OK for: vite@6.4.3 want: ^0.25.0
802 silly placeDep node_modules/vite fdir@6.5.0 OK for: vite@6.4.3 want: ^6.4.4
803 silly placeDep node_modules/vite picomatch@4.0.4 OK for: fdir@6.5.0 want: ^3 || ^4
804 silly placeDep ROOT rollup@4.62.2 OK for: vite@6.4.3 want: ^4.34.9
805 silly fetch manifest @esbuild/aix-ppc64@0.25.12
806 silly packumentCache full:https://registry.npmjs.org/@esbuild%2faix-ppc64 cache-miss
807 silly fetch manifest @esbuild/linux-arm@0.25.12
808 silly packumentCache full:https://registry.npmjs.org/@esbuild%2flinux-arm cache-miss
809 silly fetch manifest @esbuild/linux-x64@0.25.12
810 silly packumentCache full:https://registry.npmjs.org/@esbuild%2flinux-x64 cache-miss
811 silly fetch manifest @esbuild/sunos-x64@0.25.12
812 silly packumentCache full:https://registry.npmjs.org/@esbuild%2fsunos-x64 cache-miss
813 silly fetch manifest @esbuild/win32-x64@0.25.12
814 silly packumentCache full:https://registry.npmjs.org/@esbuild%2fwin32-x64 cache-miss
815 silly fetch manifest @esbuild/darwin-x64@0.25.12
816 silly packumentCache full:https://registry.npmjs.org/@esbuild%2fdarwin-x64 cache-miss
817 silly fetch manifest @esbuild/linux-ia32@0.25.12
818 silly packumentCache full:https://registry.npmjs.org/@esbuild%2flinux-ia32 cache-miss
819 silly fetch manifest @esbuild/netbsd-x64@0.25.12
820 silly packumentCache full:https://registry.npmjs.org/@esbuild%2fnetbsd-x64 cache-miss
821 silly fetch manifest @esbuild/win32-ia32@0.25.12
822 silly packumentCache full:https://registry.npmjs.org/@esbuild%2fwin32-ia32 cache-miss
823 silly fetch manifest @esbuild/android-arm@0.25.12
824 silly packumentCache full:https://registry.npmjs.org/@esbuild%2fandroid-arm cache-miss
825 silly fetch manifest @esbuild/android-x64@0.25.12
826 silly packumentCache full:https://registry.npmjs.org/@esbuild%2fandroid-x64 cache-miss
827 http fetch GET 200 https://registry.npmjs.org/@esbuild%2faix-ppc64 62ms (cache miss)
828 silly packumentCache full:https://registry.npmjs.org/@esbuild%2faix-ppc64 set size:undefined disposed:false
829 silly fetch manifest @esbuild/freebsd-x64@0.25.12
830 silly packumentCache full:https://registry.npmjs.org/@esbuild%2ffreebsd-x64 cache-miss
831 http fetch GET 200 https://registry.npmjs.org/@esbuild%2fnetbsd-x64 111ms (cache miss)
832 silly packumentCache full:https://registry.npmjs.org/@esbuild%2fnetbsd-x64 set size:undefined disposed:false
833 silly fetch manifest @esbuild/linux-arm64@0.25.12
834 silly packumentCache full:https://registry.npmjs.org/@esbuild%2flinux-arm64 cache-miss
835 http fetch GET 200 https://registry.npmjs.org/@esbuild%2flinux-arm 118ms (cache miss)
836 silly packumentCache full:https://registry.npmjs.org/@esbuild%2flinux-arm set size:undefined disposed:false
837 silly fetch manifest @esbuild/linux-ppc64@0.25.12
838 silly packumentCache full:https://registry.npmjs.org/@esbuild%2flinux-ppc64 cache-miss
839 http fetch GET 200 https://registry.npmjs.org/@esbuild%2fsunos-x64 124ms (cache miss)
840 silly packumentCache full:https://registry.npmjs.org/@esbuild%2fsunos-x64 set size:undefined disposed:false
841 silly fetch manifest @esbuild/linux-s390x@0.25.12
842 silly packumentCache full:https://registry.npmjs.org/@esbuild%2flinux-s390x cache-miss
843 http fetch GET 200 https://registry.npmjs.org/@esbuild%2fwin32-x64 127ms (cache miss)
844 silly packumentCache full:https://registry.npmjs.org/@esbuild%2fwin32-x64 set size:undefined disposed:false
845 silly fetch manifest @esbuild/openbsd-x64@0.25.12
846 silly packumentCache full:https://registry.npmjs.org/@esbuild%2fopenbsd-x64 cache-miss
847 http fetch GET 200 https://registry.npmjs.org/@esbuild%2flinux-ia32 137ms (cache miss)
848 silly packumentCache full:https://registry.npmjs.org/@esbuild%2flinux-ia32 set size:undefined disposed:false
849 silly fetch manifest @esbuild/win32-arm64@0.25.12
850 silly packumentCache full:https://registry.npmjs.org/@esbuild%2fwin32-arm64 cache-miss
851 http fetch GET 200 https://registry.npmjs.org/@esbuild%2flinux-x64 142ms (cache miss)
852 silly packumentCache full:https://registry.npmjs.org/@esbuild%2flinux-x64 set size:undefined disposed:false
853 silly fetch manifest @esbuild/darwin-arm64@0.25.12
854 silly packumentCache full:https://registry.npmjs.org/@esbuild%2fdarwin-arm64 cache-miss
855 http fetch GET 200 https://registry.npmjs.org/@esbuild%2fandroid-x64 145ms (cache miss)
856 silly packumentCache full:https://registry.npmjs.org/@esbuild%2fandroid-x64 set size:undefined disposed:false
857 silly fetch manifest @esbuild/netbsd-arm64@0.25.12
858 silly packumentCache full:https://registry.npmjs.org/@esbuild%2fnetbsd-arm64 cache-miss
859 http fetch GET 200 https://registry.npmjs.org/@esbuild%2fwin32-ia32 148ms (cache miss)
860 silly packumentCache full:https://registry.npmjs.org/@esbuild%2fwin32-ia32 set size:undefined disposed:false
861 silly fetch manifest @esbuild/android-arm64@0.25.12
862 silly packumentCache full:https://registry.npmjs.org/@esbuild%2fandroid-arm64 cache-miss
863 http fetch GET 200 https://registry.npmjs.org/@esbuild%2fandroid-arm 156ms (cache miss)
864 silly packumentCache full:https://registry.npmjs.org/@esbuild%2fandroid-arm set size:undefined disposed:false
865 silly fetch manifest @esbuild/freebsd-arm64@0.25.12
866 silly packumentCache full:https://registry.npmjs.org/@esbuild%2ffreebsd-arm64 cache-miss
867 http fetch GET 200 https://registry.npmjs.org/@esbuild%2fdarwin-x64 165ms (cache miss)
868 silly packumentCache full:https://registry.npmjs.org/@esbuild%2fdarwin-x64 set size:undefined disposed:false
869 silly fetch manifest @esbuild/linux-loong64@0.25.12
870 silly packumentCache full:https://registry.npmjs.org/@esbuild%2flinux-loong64 cache-miss
871 http fetch GET 200 https://registry.npmjs.org/@esbuild%2flinux-ppc64 66ms (cache miss)
872 silly packumentCache full:https://registry.npmjs.org/@esbuild%2flinux-ppc64 set size:undefined disposed:false
873 silly fetch manifest @esbuild/linux-riscv64@0.25.12
874 silly packumentCache full:https://registry.npmjs.org/@esbuild%2flinux-riscv64 cache-miss
875 http fetch GET 200 https://registry.npmjs.org/@esbuild%2flinux-arm64 75ms (cache miss)
876 silly packumentCache full:https://registry.npmjs.org/@esbuild%2flinux-arm64 set size:undefined disposed:false
877 silly fetch manifest @esbuild/openbsd-arm64@0.25.12
878 silly packumentCache full:https://registry.npmjs.org/@esbuild%2fopenbsd-arm64 cache-miss
879 http fetch GET 200 https://registry.npmjs.org/@esbuild%2flinux-s390x 86ms (cache miss)
880 silly packumentCache full:https://registry.npmjs.org/@esbuild%2flinux-s390x set size:undefined disposed:false
881 silly fetch manifest @esbuild/linux-mips64el@0.25.12
882 silly packumentCache full:https://registry.npmjs.org/@esbuild%2flinux-mips64el cache-miss
883 http fetch GET 200 https://registry.npmjs.org/@esbuild%2fopenbsd-x64 86ms (cache miss)
884 silly packumentCache full:https://registry.npmjs.org/@esbuild%2fopenbsd-x64 set size:undefined disposed:false
885 silly fetch manifest @esbuild/openharmony-arm64@0.25.12
886 silly packumentCache full:https://registry.npmjs.org/@esbuild%2fopenharmony-arm64 cache-miss
887 http fetch GET 200 https://registry.npmjs.org/@esbuild%2fwin32-arm64 93ms (cache miss)
888 silly packumentCache full:https://registry.npmjs.org/@esbuild%2fwin32-arm64 set size:undefined disposed:false
889 silly fetch manifest @types/estree@1.0.9
890 silly packumentCache full:https://registry.npmjs.org/@types%2festree cache-miss
891 http fetch GET 200 https://registry.npmjs.org/@esbuild%2fandroid-arm64 87ms (cache miss)
892 silly packumentCache full:https://registry.npmjs.org/@esbuild%2fandroid-arm64 set size:undefined disposed:false
893 silly fetch manifest @rollup/rollup-darwin-arm64@4.62.2
894 silly packumentCache full:https://registry.npmjs.org/@rollup%2frollup-darwin-arm64 cache-miss
895 http fetch GET 200 https://registry.npmjs.org/@esbuild%2ffreebsd-arm64 84ms (cache miss)
896 silly packumentCache full:https://registry.npmjs.org/@esbuild%2ffreebsd-arm64 set size:undefined disposed:false
897 silly fetch manifest @rollup/rollup-android-arm64@4.62.2
898 silly packumentCache full:https://registry.npmjs.org/@rollup%2frollup-android-arm64 cache-miss
899 http fetch GET 200 https://registry.npmjs.org/@esbuild%2fopenbsd-arm64 57ms (cache miss)
900 silly packumentCache full:https://registry.npmjs.org/@esbuild%2fopenbsd-arm64 set size:undefined disposed:false
901 silly fetch manifest @rollup/rollup-win32-arm64-msvc@4.62.2
902 silly packumentCache full:https://registry.npmjs.org/@rollup%2frollup-win32-arm64-msvc cache-miss
903 http fetch GET 200 https://registry.npmjs.org/@esbuild%2fopenharmony-arm64 60ms (cache miss)
904 silly packumentCache full:https://registry.npmjs.org/@esbuild%2fopenharmony-arm64 set size:undefined disposed:false
905 silly fetch manifest @rollup/rollup-freebsd-arm64@4.62.2
906 silly packumentCache full:https://registry.npmjs.org/@rollup%2frollup-freebsd-arm64 cache-miss
907 http fetch GET 200 https://registry.npmjs.org/@types%2festree 65ms (cache miss)
908 silly packumentCache full:https://registry.npmjs.org/@types%2festree set size:undefined disposed:false
909 silly fetch manifest @rollup/rollup-linux-arm64-gnu@4.62.2
910 silly packumentCache full:https://registry.npmjs.org/@rollup%2frollup-linux-arm64-gnu cache-miss
911 http fetch GET 200 https://registry.npmjs.org/@rollup%2frollup-darwin-arm64 76ms (cache miss)
912 silly packumentCache full:https://registry.npmjs.org/@rollup%2frollup-darwin-arm64 set size:undefined disposed:false
913 silly fetch manifest @rollup/rollup-linux-arm64-musl@4.62.2
914 silly packumentCache full:https://registry.npmjs.org/@rollup%2frollup-linux-arm64-musl cache-miss
915 http fetch GET 200 https://registry.npmjs.org/@rollup%2frollup-android-arm64 83ms (cache miss)
916 silly packumentCache full:https://registry.npmjs.org/@rollup%2frollup-android-arm64 set size:undefined disposed:false
917 silly fetch manifest @rollup/rollup-android-arm-eabi@4.62.2
918 silly packumentCache full:https://registry.npmjs.org/@rollup%2frollup-android-arm-eabi cache-miss
919 http fetch GET 200 https://registry.npmjs.org/@rollup%2frollup-win32-arm64-msvc 85ms (cache miss)
920 silly packumentCache full:https://registry.npmjs.org/@rollup%2frollup-win32-arm64-msvc set size:undefined disposed:false
921 silly fetch manifest @rollup/rollup-linux-arm-gnueabihf@4.62.2
922 silly packumentCache full:https://registry.npmjs.org/@rollup%2frollup-linux-arm-gnueabihf cache-miss
923 http fetch GET 200 https://registry.npmjs.org/@esbuild%2flinux-loong64 185ms (cache miss)
924 silly packumentCache full:https://registry.npmjs.org/@esbuild%2flinux-loong64 set size:undefined disposed:false
925 silly fetch manifest @rollup/rollup-linux-arm-musleabihf@4.62.2
926 silly packumentCache full:https://registry.npmjs.org/@rollup%2frollup-linux-arm-musleabihf cache-miss
927 http fetch GET 200 https://registry.npmjs.org/@esbuild%2ffreebsd-x64 318ms (cache miss)
928 silly packumentCache full:https://registry.npmjs.org/@esbuild%2ffreebsd-x64 set size:undefined disposed:false
929 silly fetch manifest @rollup/rollup-win32-ia32-msvc@4.62.2
930 silly packumentCache full:https://registry.npmjs.org/@rollup%2frollup-win32-ia32-msvc cache-miss
931 http fetch GET 200 https://registry.npmjs.org/@rollup%2frollup-linux-arm64-musl 67ms (cache miss)
932 silly packumentCache full:https://registry.npmjs.org/@rollup%2frollup-linux-arm64-musl set size:undefined disposed:false
933 silly fetch manifest @rollup/rollup-linux-loong64-gnu@4.62.2
934 silly packumentCache full:https://registry.npmjs.org/@rollup%2frollup-linux-loong64-gnu cache-miss
935 http fetch GET 200 https://registry.npmjs.org/@rollup%2frollup-android-arm-eabi 73ms (cache miss)
936 silly packumentCache full:https://registry.npmjs.org/@rollup%2frollup-android-arm-eabi set size:undefined disposed:false
937 silly fetch manifest @rollup/rollup-linux-loong64-musl@4.62.2
938 silly packumentCache full:https://registry.npmjs.org/@rollup%2frollup-linux-loong64-musl cache-miss
939 http fetch GET 200 https://registry.npmjs.org/@rollup%2frollup-linux-arm-gnueabihf 89ms (cache miss)
940 silly packumentCache full:https://registry.npmjs.org/@rollup%2frollup-linux-arm-gnueabihf set size:undefined disposed:false
941 silly fetch manifest @rollup/rollup-linux-riscv64-gnu@4.62.2
942 silly packumentCache full:https://registry.npmjs.org/@rollup%2frollup-linux-riscv64-gnu cache-miss
943 http fetch GET 200 https://registry.npmjs.org/@esbuild%2fnetbsd-arm64 305ms (cache miss)
944 silly packumentCache full:https://registry.npmjs.org/@esbuild%2fnetbsd-arm64 set size:undefined disposed:false
945 silly fetch manifest @rollup/rollup-linux-riscv64-musl@4.62.2
946 silly packumentCache full:https://registry.npmjs.org/@rollup%2frollup-linux-riscv64-musl cache-miss
947 http fetch GET 200 https://registry.npmjs.org/@rollup%2frollup-win32-ia32-msvc 76ms (cache miss)
948 silly packumentCache full:https://registry.npmjs.org/@rollup%2frollup-win32-ia32-msvc set size:undefined disposed:false
949 silly fetch manifest @rollup/rollup-linux-ppc64-gnu@4.62.2
950 silly packumentCache full:https://registry.npmjs.org/@rollup%2frollup-linux-ppc64-gnu cache-miss
951 http fetch GET 200 https://registry.npmjs.org/@rollup%2frollup-linux-loong64-musl 57ms (cache miss)
952 silly packumentCache full:https://registry.npmjs.org/@rollup%2frollup-linux-loong64-musl set size:undefined disposed:false
953 silly fetch manifest @rollup/rollup-linux-ppc64-musl@4.62.2
954 silly packumentCache full:https://registry.npmjs.org/@rollup%2frollup-linux-ppc64-musl cache-miss
955 http fetch GET 200 https://registry.npmjs.org/@rollup%2frollup-linux-arm-musleabihf 118ms (cache miss)
956 silly packumentCache full:https://registry.npmjs.org/@rollup%2frollup-linux-arm-musleabihf set size:undefined disposed:false
957 silly fetch manifest @rollup/rollup-linux-s390x-gnu@4.62.2
958 silly packumentCache full:https://registry.npmjs.org/@rollup%2frollup-linux-s390x-gnu cache-miss
959 http fetch GET 200 https://registry.npmjs.org/@esbuild%2fdarwin-arm64 341ms (cache miss)
960 silly packumentCache full:https://registry.npmjs.org/@esbuild%2fdarwin-arm64 set size:undefined disposed:false
961 silly fetch manifest @rollup/rollup-darwin-x64@4.62.2
962 silly packumentCache full:https://registry.npmjs.org/@rollup%2frollup-darwin-x64 cache-miss
963 http fetch GET 200 https://registry.npmjs.org/@esbuild%2flinux-riscv64 316ms (cache miss)
964 silly packumentCache full:https://registry.npmjs.org/@esbuild%2flinux-riscv64 set size:undefined disposed:false
965 silly fetch manifest @rollup/rollup-win32-x64-gnu@4.62.2
966 silly packumentCache full:https://registry.npmjs.org/@rollup%2frollup-win32-x64-gnu cache-miss
967 http fetch GET 200 https://registry.npmjs.org/@rollup%2frollup-linux-riscv64-gnu 83ms (cache miss)
968 silly packumentCache full:https://registry.npmjs.org/@rollup%2frollup-linux-riscv64-gnu set size:undefined disposed:false
969 silly fetch manifest @rollup/rollup-win32-x64-msvc@4.62.2
970 silly packumentCache full:https://registry.npmjs.org/@rollup%2frollup-win32-x64-msvc cache-miss
971 http fetch GET 200 https://registry.npmjs.org/@rollup%2frollup-linux-ppc64-musl 59ms (cache miss)
972 silly packumentCache full:https://registry.npmjs.org/@rollup%2frollup-linux-ppc64-musl set size:undefined disposed:false
973 silly fetch manifest @rollup/rollup-freebsd-x64@4.62.2
974 silly packumentCache full:https://registry.npmjs.org/@rollup%2frollup-freebsd-x64 cache-miss
975 http fetch GET 200 https://registry.npmjs.org/@esbuild%2flinux-mips64el 321ms (cache miss)
976 silly packumentCache full:https://registry.npmjs.org/@esbuild%2flinux-mips64el set size:undefined disposed:false
977 silly fetch manifest @rollup/rollup-linux-x64-gnu@4.62.2
978 silly packumentCache full:https://registry.npmjs.org/@rollup%2frollup-linux-x64-gnu cache-miss
979 http fetch GET 200 https://registry.npmjs.org/@rollup%2frollup-linux-ppc64-gnu 78ms (cache miss)
980 silly packumentCache full:https://registry.npmjs.org/@rollup%2frollup-linux-ppc64-gnu set size:undefined disposed:false
981 silly fetch manifest @rollup/rollup-linux-x64-musl@4.62.2
982 silly packumentCache full:https://registry.npmjs.org/@rollup%2frollup-linux-x64-musl cache-miss
983 http fetch GET 200 https://registry.npmjs.org/@rollup%2frollup-linux-riscv64-musl 98ms (cache miss)
984 silly packumentCache full:https://registry.npmjs.org/@rollup%2frollup-linux-riscv64-musl set size:undefined disposed:false
985 silly fetch manifest @rollup/rollup-openbsd-x64@4.62.2
986 silly packumentCache full:https://registry.npmjs.org/@rollup%2frollup-openbsd-x64 cache-miss
987 http fetch GET 200 https://registry.npmjs.org/@rollup%2frollup-win32-x64-gnu 70ms (cache miss)
988 silly packumentCache full:https://registry.npmjs.org/@rollup%2frollup-win32-x64-gnu set size:undefined disposed:false
989 silly fetch manifest @rollup/rollup-openharmony-arm64@4.62.2
990 silly packumentCache full:https://registry.npmjs.org/@rollup%2frollup-openharmony-arm64 cache-miss
991 http fetch GET 200 https://registry.npmjs.org/@rollup%2frollup-darwin-x64 97ms (cache miss)
992 silly packumentCache full:https://registry.npmjs.org/@rollup%2frollup-darwin-x64 set size:undefined disposed:false
993 http fetch GET 200 https://registry.npmjs.org/@rollup%2frollup-linux-s390x-gnu 113ms (cache miss)
994 silly packumentCache full:https://registry.npmjs.org/@rollup%2frollup-linux-s390x-gnu set size:undefined disposed:false
995 http fetch GET 200 https://registry.npmjs.org/@rollup%2frollup-freebsd-x64 81ms (cache miss)
996 silly packumentCache full:https://registry.npmjs.org/@rollup%2frollup-freebsd-x64 set size:undefined disposed:false
997 http fetch GET 200 https://registry.npmjs.org/@rollup%2frollup-freebsd-arm64 339ms (cache miss)
998 silly packumentCache full:https://registry.npmjs.org/@rollup%2frollup-freebsd-arm64 set size:undefined disposed:false
999 http fetch GET 200 https://registry.npmjs.org/@rollup%2frollup-linux-arm64-gnu 327ms (cache miss)
1000 silly packumentCache full:https://registry.npmjs.org/@rollup%2frollup-linux-arm64-gnu set size:undefined disposed:false
1001 http fetch GET 200 https://registry.npmjs.org/@rollup%2frollup-linux-x64-gnu 97ms (cache miss)
1002 silly packumentCache full:https://registry.npmjs.org/@rollup%2frollup-linux-x64-gnu set size:undefined disposed:false
1003 http fetch GET 200 https://registry.npmjs.org/@rollup%2frollup-linux-x64-musl 102ms (cache miss)
1004 silly packumentCache full:https://registry.npmjs.org/@rollup%2frollup-linux-x64-musl set size:undefined disposed:false
1005 http fetch GET 200 https://registry.npmjs.org/@rollup%2frollup-win32-x64-msvc 132ms (cache miss)
1006 silly packumentCache full:https://registry.npmjs.org/@rollup%2frollup-win32-x64-msvc set size:undefined disposed:false
1007 http fetch GET 200 https://registry.npmjs.org/@rollup%2frollup-openbsd-x64 107ms (cache miss)
1008 silly packumentCache full:https://registry.npmjs.org/@rollup%2frollup-openbsd-x64 set size:undefined disposed:false
1009 http fetch GET 200 https://registry.npmjs.org/@rollup%2frollup-openharmony-arm64 91ms (cache miss)
1010 silly packumentCache full:https://registry.npmjs.org/@rollup%2frollup-openharmony-arm64 set size:undefined disposed:false
1011 http fetch GET 200 https://registry.npmjs.org/@rollup%2frollup-linux-loong64-gnu 292ms (cache miss)
1012 silly packumentCache full:https://registry.npmjs.org/@rollup%2frollup-linux-loong64-gnu set size:undefined disposed:false
1013 silly placeDep ROOT @esbuild/aix-ppc64@0.25.12 OK for: esbuild@0.25.12 want: 0.25.12
1014 silly placeDep ROOT @esbuild/android-arm@0.25.12 OK for: esbuild@0.25.12 want: 0.25.12
1015 silly placeDep ROOT @esbuild/android-arm64@0.25.12 OK for: esbuild@0.25.12 want: 0.25.12
1016 silly placeDep ROOT @esbuild/android-x64@0.25.12 OK for: esbuild@0.25.12 want: 0.25.12
1017 silly placeDep ROOT @esbuild/darwin-arm64@0.25.12 OK for: esbuild@0.25.12 want: 0.25.12
1018 silly placeDep ROOT @esbuild/darwin-x64@0.25.12 OK for: esbuild@0.25.12 want: 0.25.12
1019 silly placeDep ROOT @esbuild/freebsd-arm64@0.25.12 OK for: esbuild@0.25.12 want: 0.25.12
1020 silly placeDep ROOT @esbuild/freebsd-x64@0.25.12 OK for: esbuild@0.25.12 want: 0.25.12
1021 silly placeDep ROOT @esbuild/linux-arm@0.25.12 OK for: esbuild@0.25.12 want: 0.25.12
1022 silly placeDep ROOT @esbuild/linux-arm64@0.25.12 OK for: esbuild@0.25.12 want: 0.25.12
1023 silly placeDep ROOT @esbuild/linux-ia32@0.25.12 OK for: esbuild@0.25.12 want: 0.25.12
1024 silly placeDep ROOT @esbuild/linux-loong64@0.25.12 OK for: esbuild@0.25.12 want: 0.25.12
1025 silly placeDep ROOT @esbuild/linux-mips64el@0.25.12 OK for: esbuild@0.25.12 want: 0.25.12
1026 silly placeDep ROOT @esbuild/linux-ppc64@0.25.12 OK for: esbuild@0.25.12 want: 0.25.12
1027 silly placeDep ROOT @esbuild/linux-riscv64@0.25.12 OK for: esbuild@0.25.12 want: 0.25.12
1028 silly placeDep ROOT @esbuild/linux-s390x@0.25.12 OK for: esbuild@0.25.12 want: 0.25.12
1029 silly placeDep ROOT @esbuild/linux-x64@0.25.12 OK for: esbuild@0.25.12 want: 0.25.12
1030 silly placeDep ROOT @esbuild/netbsd-arm64@0.25.12 OK for: esbuild@0.25.12 want: 0.25.12
1031 silly placeDep ROOT @esbuild/netbsd-x64@0.25.12 OK for: esbuild@0.25.12 want: 0.25.12
1032 silly placeDep ROOT @esbuild/openbsd-arm64@0.25.12 OK for: esbuild@0.25.12 want: 0.25.12
1033 silly placeDep ROOT @esbuild/openbsd-x64@0.25.12 OK for: esbuild@0.25.12 want: 0.25.12
1034 silly placeDep ROOT @esbuild/openharmony-arm64@0.25.12 OK for: esbuild@0.25.12 want: 0.25.12
1035 silly placeDep ROOT @esbuild/sunos-x64@0.25.12 OK for: esbuild@0.25.12 want: 0.25.12
1036 silly placeDep ROOT @esbuild/win32-arm64@0.25.12 OK for: esbuild@0.25.12 want: 0.25.12
1037 silly placeDep ROOT @esbuild/win32-ia32@0.25.12 OK for: esbuild@0.25.12 want: 0.25.12
1038 silly placeDep ROOT @esbuild/win32-x64@0.25.12 OK for: esbuild@0.25.12 want: 0.25.12
1039 silly placeDep ROOT @rollup/rollup-android-arm-eabi@4.62.2 OK for: rollup@4.62.2 want: 4.62.2
1040 silly placeDep ROOT @rollup/rollup-android-arm64@4.62.2 OK for: rollup@4.62.2 want: 4.62.2
1041 silly placeDep ROOT @rollup/rollup-darwin-arm64@4.62.2 OK for: rollup@4.62.2 want: 4.62.2
1042 silly placeDep ROOT @rollup/rollup-darwin-x64@4.62.2 OK for: rollup@4.62.2 want: 4.62.2
1043 silly placeDep ROOT @rollup/rollup-freebsd-arm64@4.62.2 OK for: rollup@4.62.2 want: 4.62.2
1044 silly placeDep ROOT @rollup/rollup-freebsd-x64@4.62.2 OK for: rollup@4.62.2 want: 4.62.2
1045 silly placeDep ROOT @rollup/rollup-linux-arm-gnueabihf@4.62.2 OK for: rollup@4.62.2 want: 4.62.2
1046 silly placeDep ROOT @rollup/rollup-linux-arm-musleabihf@4.62.2 OK for: rollup@4.62.2 want: 4.62.2
1047 silly placeDep ROOT @rollup/rollup-linux-arm64-gnu@4.62.2 OK for: rollup@4.62.2 want: 4.62.2
1048 silly placeDep ROOT @rollup/rollup-linux-arm64-musl@4.62.2 OK for: rollup@4.62.2 want: 4.62.2
1049 silly placeDep ROOT @rollup/rollup-linux-loong64-gnu@4.62.2 OK for: rollup@4.62.2 want: 4.62.2
1050 silly placeDep ROOT @rollup/rollup-linux-loong64-musl@4.62.2 OK for: rollup@4.62.2 want: 4.62.2
1051 silly placeDep ROOT @rollup/rollup-linux-ppc64-gnu@4.62.2 OK for: rollup@4.62.2 want: 4.62.2
1052 silly placeDep ROOT @rollup/rollup-linux-ppc64-musl@4.62.2 OK for: rollup@4.62.2 want: 4.62.2
1053 silly placeDep ROOT @rollup/rollup-linux-riscv64-gnu@4.62.2 OK for: rollup@4.62.2 want: 4.62.2
1054 silly placeDep ROOT @rollup/rollup-linux-riscv64-musl@4.62.2 OK for: rollup@4.62.2 want: 4.62.2
1055 silly placeDep ROOT @rollup/rollup-linux-s390x-gnu@4.62.2 OK for: rollup@4.62.2 want: 4.62.2
1056 silly placeDep ROOT @rollup/rollup-linux-x64-gnu@4.62.2 OK for: rollup@4.62.2 want: 4.62.2
1057 silly placeDep ROOT @rollup/rollup-linux-x64-musl@4.62.2 OK for: rollup@4.62.2 want: 4.62.2
1058 silly placeDep ROOT @rollup/rollup-openbsd-x64@4.62.2 OK for: rollup@4.62.2 want: 4.62.2
1059 silly placeDep ROOT @rollup/rollup-openharmony-arm64@4.62.2 OK for: rollup@4.62.2 want: 4.62.2
1060 silly placeDep ROOT @rollup/rollup-win32-arm64-msvc@4.62.2 OK for: rollup@4.62.2 want: 4.62.2
1061 silly placeDep ROOT @rollup/rollup-win32-ia32-msvc@4.62.2 OK for: rollup@4.62.2 want: 4.62.2
1062 silly placeDep ROOT @rollup/rollup-win32-x64-gnu@4.62.2 OK for: rollup@4.62.2 want: 4.62.2
1063 silly placeDep ROOT @rollup/rollup-win32-x64-msvc@4.62.2 OK for: rollup@4.62.2 want: 4.62.2
1064 silly placeDep ROOT @types/estree@1.0.9 OK for: rollup@4.62.2 want: 1.0.9
1065 silly reify moves {}
1066 silly audit bulk request {
1066 silly audit   '@vitejs/plugin-react': [ '4.7.0' ],
1066 silly audit   vite: [ '6.4.3' ],
1066 silly audit   autoprefixer: [ '10.5.2' ],
1066 silly audit   postcss: [ '8.5.16' ],
1066 silly audit   gsap: [ '3.15.0' ],
1066 silly audit   'lucide-react': [ '0.468.0' ],
1066 silly audit   react: [ '18.3.1' ],
1066 silly audit   'react-dom': [ '18.3.1' ],
1066 silly audit   tailwindcss: [ '3.4.19' ],
1066 silly audit   '@babel/core': [ '7.29.7' ],
1066 silly audit   '@babel/plugin-transform-react-jsx-self': [ '7.29.7' ],
1066 silly audit   '@babel/plugin-transform-react-jsx-source': [ '7.29.7' ],
1066 silly audit   '@rolldown/pluginutils': [ '1.0.0-beta.27' ],
1066 silly audit   '@types/babel__core': [ '7.20.5' ],
1066 silly audit   'react-refresh': [ '0.17.0' ],
1066 silly audit   '@babel/code-frame': [ '7.29.7' ],
1066 silly audit   '@babel/generator': [ '7.29.7' ],
1066 silly audit   '@babel/helper-compilation-targets': [ '7.29.7' ],
1066 silly audit   '@babel/helper-module-transforms': [ '7.29.7' ],
1066 silly audit   '@babel/helpers': [ '7.29.7' ],
1066 silly audit   '@babel/parser': [ '7.29.7' ],
1066 silly audit   '@babel/template': [ '7.29.7' ],
1066 silly audit   '@babel/traverse': [ '7.29.7' ],
1066 silly audit   '@babel/types': [ '7.29.7' ],
1066 silly audit   '@jridgewell/remapping': [ '2.3.5' ],
1066 silly audit   'convert-source-map': [ '2.0.0' ],
1066 silly audit   debug: [ '4.4.3' ],
1066 silly audit   gensync: [ '1.0.0-beta.2' ],
1066 silly audit   json5: [ '2.2.3' ],
1066 silly audit   semver: [ '6.3.1' ],
1066 silly audit   '@babel/helper-validator-identifier': [ '7.29.7' ],
1066 silly audit   'js-tokens': [ '4.0.0' ],
1066 silly audit   picocolors: [ '1.1.1' ],
1066 silly audit   '@jridgewell/gen-mapping': [ '0.3.13' ],
1066 silly audit   '@jridgewell/trace-mapping': [ '0.3.31' ],
1066 silly audit   jsesc: [ '3.1.0' ],
1066 silly audit   '@babel/compat-data': [ '7.29.7' ],
1066 silly audit   '@babel/helper-validator-option': [ '7.29.7' ],
1066 silly audit   browserslist: [ '4.28.4' ],
1066 silly audit   'lru-cache': [ '5.1.1' ],
1066 silly audit   '@babel/helper-module-imports': [ '7.29.7' ],
1066 silly audit   '@babel/helper-plugin-utils': [ '7.29.7' ],
1066 silly audit   '@babel/helper-globals': [ '7.29.7' ],
1066 silly audit   '@babel/helper-string-parser': [ '7.29.7' ],
1066 silly audit   '@jridgewell/sourcemap-codec': [ '1.5.5' ],
1066 silly audit   '@jridgewell/resolve-uri': [ '3.1.2' ],
1066 silly audit   '@types/babel__generator': [ '7.27.0' ],
1066 silly audit   '@types/babel__template': [ '7.4.4' ],
1066 silly audit   '@types/babel__traverse': [ '7.28.0' ],
1066 silly audit   'caniuse-lite': [ '1.0.30001800' ],
1066 silly audit   'fraction.js': [ '5.3.4' ],
1066 silly audit   'postcss-value-parser': [ '4.2.0' ],
1066 silly audit   'baseline-browser-mapping': [ '2.10.40' ],
1066 silly audit   'electron-to-chromium': [ '1.5.383' ],
1066 silly audit   'node-releases': [ '2.0.50' ],
1066 silly audit   'update-browserslist-db': [ '1.2.3' ],
1066 silly audit   ms: [ '2.1.3' ],
1066 silly audit   yallist: [ '3.1.1' ],
1066 silly audit   nanoid: [ '3.3.15' ],
1066 silly audit   'source-map-js': [ '1.2.1' ],
1066 silly audit   'loose-envify': [ '1.4.0' ],
1066 silly audit   scheduler: [ '0.23.2' ],
1066 silly audit   '@alloc/quick-lru': [ '5.2.0' ],
1066 silly audit   arg: [ '5.0.2' ],
1066 silly audit   chokidar: [ '3.6.0' ],
1066 silly audit   didyoumean: [ '1.2.2' ],
1066 silly audit   dlv: [ '1.1.3' ],
1066 silly audit   'fast-glob': [ '3.3.3' ],
1066 silly audit   'glob-parent': [ '6.0.2', '5.1.2' ],
1066 silly audit   'is-glob': [ '4.0.3' ],
1066 silly audit   jiti: [ '1.21.7' ],
1066 silly audit   lilconfig: [ '3.1.3' ],
1066 silly audit   micromatch: [ '4.0.8' ],
1066 silly audit   'normalize-path': [ '3.0.0' ],
1066 silly audit   'object-hash': [ '3.0.0' ],
1066 silly audit   'postcss-import': [ '15.1.0' ],
1066 silly audit   'postcss-js': [ '4.1.0' ],
1066 silly audit   'postcss-load-config': [ '6.0.1' ],
1066 silly audit   'postcss-nested': [ '6.2.0' ],
1066 silly audit   'postcss-selector-parser': [ '6.1.4' ],
1066 silly audit   resolve: [ '1.22.12' ],
1066 silly audit   sucrase: [ '3.35.1' ],
1066 silly audit   anymatch: [ '3.1.3' ],
1066 silly audit   braces: [ '3.0.3' ],
1066 silly audit   fsevents: [ '2.3.3' ],
1066 silly audit   'is-binary-path': [ '2.1.0' ],
1066 silly audit   readdirp: [ '3.6.0' ],
1066 silly audit   picomatch: [ '2.3.2', '4.0.4' ],
1066 silly audit   'fill-range': [ '7.1.1' ],
1066 silly audit   '@nodelib/fs.stat': [ '2.0.5' ],
1066 silly audit   '@nodelib/fs.walk': [ '1.2.8' ],
1066 silly audit   merge2: [ '1.4.1' ],
1066 silly audit   '@nodelib/fs.scandir': [ '2.1.5' ],
1066 silly audit   fastq: [ '1.20.1' ],
1066 silly audit   'run-parallel': [ '1.2.0' ],
1066 silly audit   reusify: [ '1.1.0' ],
1066 silly audit   'to-regex-range': [ '5.0.1' ],
1066 silly audit   'binary-extensions': [ '2.3.0' ],
1066 silly audit   'is-extglob': [ '2.1.1' ],
1066 silly audit   'read-cache': [ '1.0.0' ],
1066 silly audit   'camelcase-css': [ '2.0.1' ],
1066 silly audit   cssesc: [ '3.0.0' ],
1066 silly audit   'util-deprecate': [ '1.0.2' ],
1066 silly audit   pify: [ '2.3.0' ],
1066 silly audit   'es-errors': [ '1.3.0' ],
1066 silly audit   'is-core-module': [ '2.16.2' ],
1066 silly audit   'path-parse': [ '1.0.7' ],
1066 silly audit   'supports-preserve-symlinks-flag': [ '1.0.0' ],
1066 silly audit   hasown: [ '2.0.4' ],
1066 silly audit   'function-bind': [ '1.1.2' ],
1066 silly audit   'queue-microtask': [ '1.2.3' ],
1066 silly audit   commander: [ '4.1.1' ],
1066 silly audit   'lines-and-columns': [ '1.2.4' ],
1066 silly audit   mz: [ '2.7.0' ],
1066 silly audit   pirates: [ '4.0.7' ],
1066 silly audit   tinyglobby: [ '0.2.17' ],
1066 silly audit   'ts-interface-checker': [ '0.1.13' ],
1066 silly audit   'any-promise': [ '1.3.0' ],
1066 silly audit   'object-assign': [ '4.1.1' ],
1066 silly audit   'thenify-all': [ '1.6.0' ],
1066 silly audit   thenify: [ '3.3.1' ],
1066 silly audit   fdir: [ '6.5.0' ],
1066 silly audit   'is-number': [ '7.0.0' ],
1066 silly audit   escalade: [ '3.2.0' ],
1066 silly audit   esbuild: [ '0.25.12' ],
1066 silly audit   rollup: [ '4.62.2' ],
1066 silly audit   '@esbuild/aix-ppc64': [ '0.25.12' ],
1066 silly audit   '@esbuild/android-arm': [ '0.25.12' ],
1066 silly audit   '@esbuild/android-arm64': [ '0.25.12' ],
1066 silly audit   '@esbuild/android-x64': [ '0.25.12' ],
1066 silly audit   '@esbuild/darwin-arm64': [ '0.25.12' ],
1066 silly audit   '@esbuild/darwin-x64': [ '0.25.12' ],
1066 silly audit   '@esbuild/freebsd-arm64': [ '0.25.12' ],
1066 silly audit   '@esbuild/freebsd-x64': [ '0.25.12' ],
1066 silly audit   '@esbuild/linux-arm': [ '0.25.12' ],
1066 silly audit   '@esbuild/linux-arm64': [ '0.25.12' ],
1066 silly audit   '@esbuild/linux-ia32': [ '0.25.12' ],
1066 silly audit   '@esbuild/linux-loong64': [ '0.25.12' ],
1066 silly audit   '@esbuild/linux-mips64el': [ '0.25.12' ],
1066 silly audit   '@esbuild/linux-ppc64': [ '0.25.12' ],
1066 silly audit   '@esbuild/linux-riscv64': [ '0.25.12' ],
1066 silly audit   '@esbuild/linux-s390x': [ '0.25.12' ],
1066 silly audit   '@esbuild/linux-x64': [ '0.25.12' ],
1066 silly audit   '@esbuild/netbsd-arm64': [ '0.25.12' ],
1066 silly audit   '@esbuild/netbsd-x64': [ '0.25.12' ],
1066 silly audit   '@esbuild/openbsd-arm64': [ '0.25.12' ],
1066 silly audit   '@esbuild/openbsd-x64': [ '0.25.12' ],
1066 silly audit   '@esbuild/openharmony-arm64': [ '0.25.12' ],
1066 silly audit   '@esbuild/sunos-x64': [ '0.25.12' ],
1066 silly audit   '@esbuild/win32-arm64': [ '0.25.12' ],
1066 silly audit   '@esbuild/win32-ia32': [ '0.25.12' ],
1066 silly audit   '@esbuild/win32-x64': [ '0.25.12' ],
1066 silly audit   '@rollup/rollup-android-arm-eabi': [ '4.62.2' ],
1066 silly audit   '@rollup/rollup-android-arm64': [ '4.62.2' ],
1066 silly audit   '@rollup/rollup-darwin-arm64': [ '4.62.2' ],
1066 silly audit   '@rollup/rollup-darwin-x64': [ '4.62.2' ],
1066 silly audit   '@rollup/rollup-freebsd-arm64': [ '4.62.2' ],
1066 silly audit   '@rollup/rollup-freebsd-x64': [ '4.62.2' ],
1066 silly audit   '@rollup/rollup-linux-arm-gnueabihf': [ '4.62.2' ],
1066 silly audit   '@rollup/rollup-linux-arm-musleabihf': [ '4.62.2' ],
1066 silly audit   '@rollup/rollup-linux-arm64-gnu': [ '4.62.2' ],
1066 silly audit   '@rollup/rollup-linux-arm64-musl': [ '4.62.2' ],
1066 silly audit   '@rollup/rollup-linux-loong64-gnu': [ '4.62.2' ],
1066 silly audit   '@rollup/rollup-linux-loong64-musl': [ '4.62.2' ],
1066 silly audit   '@rollup/rollup-linux-ppc64-gnu': [ '4.62.2' ],
1066 silly audit   '@rollup/rollup-linux-ppc64-musl': [ '4.62.2' ],
1066 silly audit   '@rollup/rollup-linux-riscv64-gnu': [ '4.62.2' ],
1066 silly audit   '@rollup/rollup-linux-riscv64-musl': [ '4.62.2' ],
1066 silly audit   '@rollup/rollup-linux-s390x-gnu': [ '4.62.2' ],
1066 silly audit   '@rollup/rollup-linux-x64-gnu': [ '4.62.2' ],
1066 silly audit   '@rollup/rollup-linux-x64-musl': [ '4.62.2' ],
1066 silly audit   '@rollup/rollup-openbsd-x64': [ '4.62.2' ],
1066 silly audit   '@rollup/rollup-openharmony-arm64': [ '4.62.2' ],
1066 silly audit   '@rollup/rollup-win32-arm64-msvc': [ '4.62.2' ],
1066 silly audit   '@rollup/rollup-win32-ia32-msvc': [ '4.62.2' ],
1066 silly audit   '@rollup/rollup-win32-x64-gnu': [ '4.62.2' ],
1066 silly audit   '@rollup/rollup-win32-x64-msvc': [ '4.62.2' ],
1066 silly audit   '@types/estree': [ '1.0.9' ]
1066 silly audit }
1067 http cache @types/estree@https://registry.npmjs.org/@types/estree/-/estree-1.0.9.tgz 0ms (cache hit)
1068 http cache esbuild@https://registry.npmjs.org/esbuild/-/esbuild-0.25.12.tgz 0ms (cache hit)
1069 http cache @rollup/rollup-win32-x64-msvc@https://registry.npmjs.org/@rollup/rollup-win32-x64-msvc/-/rollup-win32-x64-msvc-4.62.2.tgz 0ms (cache hit)
1070 http cache rollup@https://registry.npmjs.org/rollup/-/rollup-4.62.2.tgz 0ms (cache hit)
1071 http cache is-number@https://registry.npmjs.org/is-number/-/is-number-7.0.0.tgz 0ms (cache hit)
1072 http cache @esbuild/win32-x64@https://registry.npmjs.org/@esbuild/win32-x64/-/win32-x64-0.25.12.tgz 0ms (cache hit)
1073 http cache escalade@https://registry.npmjs.org/escalade/-/escalade-3.2.0.tgz 0ms (cache hit)
1074 http cache @rollup/rollup-win32-x64-gnu@https://registry.npmjs.org/@rollup/rollup-win32-x64-gnu/-/rollup-win32-x64-gnu-4.62.2.tgz 0ms (cache hit)
1075 http cache thenify@https://registry.npmjs.org/thenify/-/thenify-3.3.1.tgz 0ms (cache hit)
1076 http cache thenify-all@https://registry.npmjs.org/thenify-all/-/thenify-all-1.6.0.tgz 0ms (cache hit)
1077 http cache any-promise@https://registry.npmjs.org/any-promise/-/any-promise-1.3.0.tgz 0ms (cache hit)
1078 http cache object-assign@https://registry.npmjs.org/object-assign/-/object-assign-4.1.1.tgz 0ms (cache hit)
1079 http cache ts-interface-checker@https://registry.npmjs.org/ts-interface-checker/-/ts-interface-checker-0.1.13.tgz 0ms (cache hit)
1080 http cache tinyglobby@https://registry.npmjs.org/tinyglobby/-/tinyglobby-0.2.17.tgz 0ms (cache hit)
1081 http cache pirates@https://registry.npmjs.org/pirates/-/pirates-4.0.7.tgz 0ms (cache hit)
1082 http cache lines-and-columns@https://registry.npmjs.org/lines-and-columns/-/lines-and-columns-1.2.4.tgz 0ms (cache hit)
1083 http cache mz@https://registry.npmjs.org/mz/-/mz-2.7.0.tgz 0ms (cache hit)
1084 http cache queue-microtask@https://registry.npmjs.org/queue-microtask/-/queue-microtask-1.2.3.tgz 0ms (cache hit)
1085 http cache commander@https://registry.npmjs.org/commander/-/commander-4.1.1.tgz 0ms (cache hit)
1086 http cache function-bind@https://registry.npmjs.org/function-bind/-/function-bind-1.1.2.tgz 0ms (cache hit)
1087 http cache hasown@https://registry.npmjs.org/hasown/-/hasown-2.0.4.tgz 0ms (cache hit)
1088 http cache supports-preserve-symlinks-flag@https://registry.npmjs.org/supports-preserve-symlinks-flag/-/supports-preserve-symlinks-flag-1.0.0.tgz 0ms (cache hit)
1089 http cache es-errors@https://registry.npmjs.org/es-errors/-/es-errors-1.3.0.tgz 0ms (cache hit)
1090 http cache util-deprecate@https://registry.npmjs.org/util-deprecate/-/util-deprecate-1.0.2.tgz 0ms (cache hit)
1091 http cache path-parse@https://registry.npmjs.org/path-parse/-/path-parse-1.0.7.tgz 0ms (cache hit)
1092 http cache pify@https://registry.npmjs.org/pify/-/pify-2.3.0.tgz 0ms (cache hit)
1093 http cache is-core-module@https://registry.npmjs.org/is-core-module/-/is-core-module-2.16.2.tgz 0ms (cache hit)
1094 http cache camelcase-css@https://registry.npmjs.org/camelcase-css/-/camelcase-css-2.0.1.tgz 0ms (cache hit)
1095 http cache cssesc@https://registry.npmjs.org/cssesc/-/cssesc-3.0.0.tgz 0ms (cache hit)
1096 http cache is-extglob@https://registry.npmjs.org/is-extglob/-/is-extglob-2.1.1.tgz 0ms (cache hit)
1097 http cache read-cache@https://registry.npmjs.org/read-cache/-/read-cache-1.0.0.tgz 0ms (cache hit)
1098 http cache binary-extensions@https://registry.npmjs.org/binary-extensions/-/binary-extensions-2.3.0.tgz 0ms (cache hit)
1099 http cache to-regex-range@https://registry.npmjs.org/to-regex-range/-/to-regex-range-5.0.1.tgz 0ms (cache hit)
1100 http cache reusify@https://registry.npmjs.org/reusify/-/reusify-1.1.0.tgz 0ms (cache hit)
1101 http cache fastq@https://registry.npmjs.org/fastq/-/fastq-1.20.1.tgz 0ms (cache hit)
1102 http cache run-parallel@https://registry.npmjs.org/run-parallel/-/run-parallel-1.2.0.tgz 0ms (cache hit)
1103 http cache @nodelib/fs.walk@https://registry.npmjs.org/@nodelib/fs.walk/-/fs.walk-1.2.8.tgz 0ms (cache hit)
1104 http cache @nodelib/fs.scandir@https://registry.npmjs.org/@nodelib/fs.scandir/-/fs.scandir-2.1.5.tgz 0ms (cache hit)
1105 http cache @nodelib/fs.stat@https://registry.npmjs.org/@nodelib/fs.stat/-/fs.stat-2.0.5.tgz 0ms (cache hit)
1106 http cache fill-range@https://registry.npmjs.org/fill-range/-/fill-range-7.1.1.tgz 0ms (cache hit)
1107 http cache merge2@https://registry.npmjs.org/merge2/-/merge2-1.4.1.tgz 0ms (cache hit)
1108 http cache braces@https://registry.npmjs.org/braces/-/braces-3.0.3.tgz 0ms (cache hit)
1109 http cache readdirp@https://registry.npmjs.org/readdirp/-/readdirp-3.6.0.tgz 0ms (cache hit)
1110 http cache picomatch@https://registry.npmjs.org/picomatch/-/picomatch-2.3.2.tgz 0ms (cache hit)
1111 http cache anymatch@https://registry.npmjs.org/anymatch/-/anymatch-3.1.3.tgz 0ms (cache hit)
1112 http cache postcss-selector-parser@https://registry.npmjs.org/postcss-selector-parser/-/postcss-selector-parser-6.1.4.tgz 0ms (cache hit)
1113 http cache is-binary-path@https://registry.npmjs.org/is-binary-path/-/is-binary-path-2.1.0.tgz 0ms (cache hit)
1114 http cache resolve@https://registry.npmjs.org/resolve/-/resolve-1.22.12.tgz 0ms (cache hit)
1115 http cache sucrase@https://registry.npmjs.org/sucrase/-/sucrase-3.35.1.tgz 0ms (cache hit)
1116 http cache postcss-load-config@https://registry.npmjs.org/postcss-load-config/-/postcss-load-config-6.0.1.tgz 0ms (cache hit)
1117 http cache postcss-js@https://registry.npmjs.org/postcss-js/-/postcss-js-4.1.0.tgz 0ms (cache hit)
1118 http cache object-hash@https://registry.npmjs.org/object-hash/-/object-hash-3.0.0.tgz 0ms (cache hit)
1119 http cache postcss-nested@https://registry.npmjs.org/postcss-nested/-/postcss-nested-6.2.0.tgz 0ms (cache hit)
1120 http cache normalize-path@https://registry.npmjs.org/normalize-path/-/normalize-path-3.0.0.tgz 0ms (cache hit)
1121 http cache micromatch@https://registry.npmjs.org/micromatch/-/micromatch-4.0.8.tgz 0ms (cache hit)
1122 http cache jiti@https://registry.npmjs.org/jiti/-/jiti-1.21.7.tgz 0ms (cache hit)
1123 http cache lilconfig@https://registry.npmjs.org/lilconfig/-/lilconfig-3.1.3.tgz 1ms (cache hit)
1124 http cache glob-parent@https://registry.npmjs.org/glob-parent/-/glob-parent-6.0.2.tgz 0ms (cache hit)
1125 http cache is-glob@https://registry.npmjs.org/is-glob/-/is-glob-4.0.3.tgz 0ms (cache hit)
1126 http cache dlv@https://registry.npmjs.org/dlv/-/dlv-1.1.3.tgz 0ms (cache hit)
1127 http cache chokidar@https://registry.npmjs.org/chokidar/-/chokidar-3.6.0.tgz 0ms (cache hit)
1128 http cache fast-glob@https://registry.npmjs.org/fast-glob/-/fast-glob-3.3.3.tgz 0ms (cache hit)
1129 http cache didyoumean@https://registry.npmjs.org/didyoumean/-/didyoumean-1.2.2.tgz 0ms (cache hit)
1130 http cache @alloc/quick-lru@https://registry.npmjs.org/@alloc/quick-lru/-/quick-lru-5.2.0.tgz 0ms (cache hit)
1131 http cache arg@https://registry.npmjs.org/arg/-/arg-5.0.2.tgz 1ms (cache hit)
1132 http cache scheduler@https://registry.npmjs.org/scheduler/-/scheduler-0.23.2.tgz 0ms (cache hit)
1133 http cache source-map-js@https://registry.npmjs.org/source-map-js/-/source-map-js-1.2.1.tgz 0ms (cache hit)
1134 http cache loose-envify@https://registry.npmjs.org/loose-envify/-/loose-envify-1.4.0.tgz 0ms (cache hit)
1135 http cache nanoid@https://registry.npmjs.org/nanoid/-/nanoid-3.3.15.tgz 0ms (cache hit)
1136 http cache postcss-import@https://registry.npmjs.org/postcss-import/-/postcss-import-15.1.0.tgz 0ms (cache hit)
1137 http cache ms@https://registry.npmjs.org/ms/-/ms-2.1.3.tgz 0ms (cache hit)
1138 http cache yallist@https://registry.npmjs.org/yallist/-/yallist-3.1.1.tgz 0ms (cache hit)
1139 http cache update-browserslist-db@https://registry.npmjs.org/update-browserslist-db/-/update-browserslist-db-1.2.3.tgz 0ms (cache hit)
1140 http cache node-releases@https://registry.npmjs.org/node-releases/-/node-releases-2.0.50.tgz 0ms (cache hit)
1141 http cache baseline-browser-mapping@https://registry.npmjs.org/baseline-browser-mapping/-/baseline-browser-mapping-2.10.40.tgz 0ms (cache hit)
1142 http cache electron-to-chromium@https://registry.npmjs.org/electron-to-chromium/-/electron-to-chromium-1.5.383.tgz 0ms (cache hit)
1143 http cache fraction.js@https://registry.npmjs.org/fraction.js/-/fraction.js-5.3.4.tgz 0ms (cache hit)
1144 http cache postcss-value-parser@https://registry.npmjs.org/postcss-value-parser/-/postcss-value-parser-4.2.0.tgz 0ms (cache hit)
1145 http cache caniuse-lite@https://registry.npmjs.org/caniuse-lite/-/caniuse-lite-1.0.30001800.tgz 0ms (cache hit)
1146 http cache @types/babel__template@https://registry.npmjs.org/@types/babel__template/-/babel__template-7.4.4.tgz 0ms (cache hit)
1147 http cache @types/babel__traverse@https://registry.npmjs.org/@types/babel__traverse/-/babel__traverse-7.28.0.tgz 0ms (cache hit)
1148 http cache @types/babel__generator@https://registry.npmjs.org/@types/babel__generator/-/babel__generator-7.27.0.tgz 0ms (cache hit)
1149 http cache @jridgewell/resolve-uri@https://registry.npmjs.org/@jridgewell/resolve-uri/-/resolve-uri-3.1.2.tgz 0ms (cache hit)
1150 http cache @jridgewell/sourcemap-codec@https://registry.npmjs.org/@jridgewell/sourcemap-codec/-/sourcemap-codec-1.5.5.tgz 0ms (cache hit)
1151 http cache @babel/helper-string-parser@https://registry.npmjs.org/@babel/helper-string-parser/-/helper-string-parser-7.29.7.tgz 0ms (cache hit)
1152 http cache @babel/helper-globals@https://registry.npmjs.org/@babel/helper-globals/-/helper-globals-7.29.7.tgz 0ms (cache hit)
1153 http cache @babel/helper-module-imports@https://registry.npmjs.org/@babel/helper-module-imports/-/helper-module-imports-7.29.7.tgz 0ms (cache hit)
1154 http cache lru-cache@https://registry.npmjs.org/lru-cache/-/lru-cache-5.1.1.tgz 0ms (cache hit)
1155 http cache @babel/helper-validator-option@https://registry.npmjs.org/@babel/helper-validator-option/-/helper-validator-option-7.29.7.tgz 0ms (cache hit)
1156 http cache @babel/helper-plugin-utils@https://registry.npmjs.org/@babel/helper-plugin-utils/-/helper-plugin-utils-7.29.7.tgz 0ms (cache hit)
1157 http cache browserslist@https://registry.npmjs.org/browserslist/-/browserslist-4.28.4.tgz 0ms (cache hit)
1158 http cache jsesc@https://registry.npmjs.org/jsesc/-/jsesc-3.1.0.tgz 1ms (cache hit)
1159 http cache @babel/compat-data@https://registry.npmjs.org/@babel/compat-data/-/compat-data-7.29.7.tgz 0ms (cache hit)
1160 http cache @jridgewell/trace-mapping@https://registry.npmjs.org/@jridgewell/trace-mapping/-/trace-mapping-0.3.31.tgz 0ms (cache hit)
1161 http cache picocolors@https://registry.npmjs.org/picocolors/-/picocolors-1.1.1.tgz 0ms (cache hit)
1162 http cache @jridgewell/gen-mapping@https://registry.npmjs.org/@jridgewell/gen-mapping/-/gen-mapping-0.3.13.tgz 0ms (cache hit)
1163 http cache js-tokens@https://registry.npmjs.org/js-tokens/-/js-tokens-4.0.0.tgz 0ms (cache hit)
1164 http cache semver@https://registry.npmjs.org/semver/-/semver-6.3.1.tgz 0ms (cache hit)
1165 http cache gensync@https://registry.npmjs.org/gensync/-/gensync-1.0.0-beta.2.tgz 0ms (cache hit)
1166 http cache json5@https://registry.npmjs.org/json5/-/json5-2.2.3.tgz 0ms (cache hit)
1167 http cache @babel/helper-validator-identifier@https://registry.npmjs.org/@babel/helper-validator-identifier/-/helper-validator-identifier-7.29.7.tgz 0ms (cache hit)
1168 http cache debug@https://registry.npmjs.org/debug/-/debug-4.4.3.tgz 0ms (cache hit)
1169 http cache convert-source-map@https://registry.npmjs.org/convert-source-map/-/convert-source-map-2.0.0.tgz 0ms (cache hit)
1170 http cache @jridgewell/remapping@https://registry.npmjs.org/@jridgewell/remapping/-/remapping-2.3.5.tgz 0ms (cache hit)
1171 http cache @babel/types@https://registry.npmjs.org/@babel/types/-/types-7.29.7.tgz 0ms (cache hit)
1172 http cache @babel/traverse@https://registry.npmjs.org/@babel/traverse/-/traverse-7.29.7.tgz 0ms (cache hit)
1173 http cache @babel/template@https://registry.npmjs.org/@babel/template/-/template-7.29.7.tgz 0ms (cache hit)
1174 http cache @babel/parser@https://registry.npmjs.org/@babel/parser/-/parser-7.29.7.tgz 0ms (cache hit)
1175 http cache @babel/helpers@https://registry.npmjs.org/@babel/helpers/-/helpers-7.29.7.tgz 0ms (cache hit)
1176 http cache @babel/generator@https://registry.npmjs.org/@babel/generator/-/generator-7.29.7.tgz 0ms (cache hit)
1177 http cache @babel/helper-module-transforms@https://registry.npmjs.org/@babel/helper-module-transforms/-/helper-module-transforms-7.29.7.tgz 0ms (cache hit)
1178 http cache react-refresh@https://registry.npmjs.org/react-refresh/-/react-refresh-0.17.0.tgz 0ms (cache hit)
1179 http cache @babel/helper-compilation-targets@https://registry.npmjs.org/@babel/helper-compilation-targets/-/helper-compilation-targets-7.29.7.tgz 0ms (cache hit)
1180 http cache @babel/code-frame@https://registry.npmjs.org/@babel/code-frame/-/code-frame-7.29.7.tgz 0ms (cache hit)
1181 http cache @rolldown/pluginutils@https://registry.npmjs.org/@rolldown/pluginutils/-/pluginutils-1.0.0-beta.27.tgz 0ms (cache hit)
1182 http cache @babel/plugin-transform-react-jsx-source@https://registry.npmjs.org/@babel/plugin-transform-react-jsx-source/-/plugin-transform-react-jsx-source-7.29.7.tgz 0ms (cache hit)
1183 http cache @babel/plugin-transform-react-jsx-self@https://registry.npmjs.org/@babel/plugin-transform-react-jsx-self/-/plugin-transform-react-jsx-self-7.29.7.tgz 0ms (cache hit)
1184 http cache @babel/core@https://registry.npmjs.org/@babel/core/-/core-7.29.7.tgz 0ms (cache hit)
1185 http cache tailwindcss@https://registry.npmjs.org/tailwindcss/-/tailwindcss-3.4.19.tgz 0ms (cache hit)
1186 http cache react-dom@https://registry.npmjs.org/react-dom/-/react-dom-18.3.1.tgz 0ms (cache hit)
1187 http cache @types/babel__core@https://registry.npmjs.org/@types/babel__core/-/babel__core-7.20.5.tgz 0ms (cache hit)
1188 http cache react@https://registry.npmjs.org/react/-/react-18.3.1.tgz 0ms (cache hit)
1189 http cache gsap@https://registry.npmjs.org/gsap/-/gsap-3.15.0.tgz 0ms (cache hit)
1190 http cache lucide-react@https://registry.npmjs.org/lucide-react/-/lucide-react-0.468.0.tgz 0ms (cache hit)
1191 http cache vite@https://registry.npmjs.org/vite/-/vite-6.4.3.tgz 0ms (cache hit)
1192 http cache autoprefixer@https://registry.npmjs.org/autoprefixer/-/autoprefixer-10.5.2.tgz 0ms (cache hit)
1193 http cache postcss@https://registry.npmjs.org/postcss/-/postcss-8.5.16.tgz 0ms (cache hit)
1194 http cache @vitejs/plugin-react@https://registry.npmjs.org/@vitejs/plugin-react/-/plugin-react-4.7.0.tgz 0ms (cache hit)
1195 http cache fdir@https://registry.npmjs.org/fdir/-/fdir-6.5.0.tgz 0ms (cache hit)
1196 http cache picomatch@https://registry.npmjs.org/picomatch/-/picomatch-4.0.4.tgz 0ms (cache hit)
1197 http cache glob-parent@https://registry.npmjs.org/glob-parent/-/glob-parent-5.1.2.tgz 0ms (cache hit)
1198 http cache glob-parent@https://registry.npmjs.org/glob-parent/-/glob-parent-5.1.2.tgz 0ms (cache hit)
1199 silly tarball no local data for @types/estree@https://registry.npmjs.org/@types/estree/-/estree-1.0.9.tgz. Extracting by manifest.
1200 silly tarball no local data for esbuild@https://registry.npmjs.org/esbuild/-/esbuild-0.25.12.tgz. Extracting by manifest.
1201 silly tarball no local data for @rollup/rollup-win32-x64-msvc@https://registry.npmjs.org/@rollup/rollup-win32-x64-msvc/-/rollup-win32-x64-msvc-4.62.2.tgz. Extracting by manifest.
1202 silly tarball no local data for rollup@https://registry.npmjs.org/rollup/-/rollup-4.62.2.tgz. Extracting by manifest.
1203 silly tarball no local data for is-number@https://registry.npmjs.org/is-number/-/is-number-7.0.0.tgz. Extracting by manifest.
1204 silly tarball no local data for @esbuild/win32-x64@https://registry.npmjs.org/@esbuild/win32-x64/-/win32-x64-0.25.12.tgz. Extracting by manifest.
1205 silly tarball no local data for escalade@https://registry.npmjs.org/escalade/-/escalade-3.2.0.tgz. Extracting by manifest.
1206 silly tarball no local data for @rollup/rollup-win32-x64-gnu@https://registry.npmjs.org/@rollup/rollup-win32-x64-gnu/-/rollup-win32-x64-gnu-4.62.2.tgz. Extracting by manifest.
1207 silly tarball no local data for thenify@https://registry.npmjs.org/thenify/-/thenify-3.3.1.tgz. Extracting by manifest.
1208 silly tarball no local data for thenify-all@https://registry.npmjs.org/thenify-all/-/thenify-all-1.6.0.tgz. Extracting by manifest.
1209 silly tarball no local data for any-promise@https://registry.npmjs.org/any-promise/-/any-promise-1.3.0.tgz. Extracting by manifest.
1210 silly tarball no local data for object-assign@https://registry.npmjs.org/object-assign/-/object-assign-4.1.1.tgz. Extracting by manifest.
1211 silly tarball no local data for ts-interface-checker@https://registry.npmjs.org/ts-interface-checker/-/ts-interface-checker-0.1.13.tgz. Extracting by manifest.
1212 silly tarball no local data for tinyglobby@https://registry.npmjs.org/tinyglobby/-/tinyglobby-0.2.17.tgz. Extracting by manifest.
1213 silly tarball no local data for pirates@https://registry.npmjs.org/pirates/-/pirates-4.0.7.tgz. Extracting by manifest.
1214 silly tarball no local data for lines-and-columns@https://registry.npmjs.org/lines-and-columns/-/lines-and-columns-1.2.4.tgz. Extracting by manifest.
1215 silly tarball no local data for mz@https://registry.npmjs.org/mz/-/mz-2.7.0.tgz. Extracting by manifest.
1216 silly tarball no local data for queue-microtask@https://registry.npmjs.org/queue-microtask/-/queue-microtask-1.2.3.tgz. Extracting by manifest.
1217 silly tarball no local data for commander@https://registry.npmjs.org/commander/-/commander-4.1.1.tgz. Extracting by manifest.
1218 silly tarball no local data for function-bind@https://registry.npmjs.org/function-bind/-/function-bind-1.1.2.tgz. Extracting by manifest.
1219 silly tarball no local data for hasown@https://registry.npmjs.org/hasown/-/hasown-2.0.4.tgz. Extracting by manifest.
1220 silly tarball no local data for supports-preserve-symlinks-flag@https://registry.npmjs.org/supports-preserve-symlinks-flag/-/supports-preserve-symlinks-flag-1.0.0.tgz. Extracting by manifest.
1221 silly tarball no local data for es-errors@https://registry.npmjs.org/es-errors/-/es-errors-1.3.0.tgz. Extracting by manifest.
1222 silly tarball no local data for util-deprecate@https://registry.npmjs.org/util-deprecate/-/util-deprecate-1.0.2.tgz. Extracting by manifest.
1223 silly tarball no local data for path-parse@https://registry.npmjs.org/path-parse/-/path-parse-1.0.7.tgz. Extracting by manifest.
1224 silly tarball no local data for pify@https://registry.npmjs.org/pify/-/pify-2.3.0.tgz. Extracting by manifest.
1225 silly tarball no local data for is-core-module@https://registry.npmjs.org/is-core-module/-/is-core-module-2.16.2.tgz. Extracting by manifest.
1226 silly tarball no local data for camelcase-css@https://registry.npmjs.org/camelcase-css/-/camelcase-css-2.0.1.tgz. Extracting by manifest.
1227 silly tarball no local data for cssesc@https://registry.npmjs.org/cssesc/-/cssesc-3.0.0.tgz. Extracting by manifest.
1228 silly tarball no local data for is-extglob@https://registry.npmjs.org/is-extglob/-/is-extglob-2.1.1.tgz. Extracting by manifest.
1229 silly tarball no local data for read-cache@https://registry.npmjs.org/read-cache/-/read-cache-1.0.0.tgz. Extracting by manifest.
1230 silly tarball no local data for binary-extensions@https://registry.npmjs.org/binary-extensions/-/binary-extensions-2.3.0.tgz. Extracting by manifest.
1231 silly tarball no local data for to-regex-range@https://registry.npmjs.org/to-regex-range/-/to-regex-range-5.0.1.tgz. Extracting by manifest.
1232 silly tarball no local data for reusify@https://registry.npmjs.org/reusify/-/reusify-1.1.0.tgz. Extracting by manifest.
1233 http cache picomatch@https://registry.npmjs.org/picomatch/-/picomatch-4.0.4.tgz 0ms (cache hit)
1234 http cache fdir@https://registry.npmjs.org/fdir/-/fdir-6.5.0.tgz 0ms (cache hit)
1235 silly tarball no local data for fastq@https://registry.npmjs.org/fastq/-/fastq-1.20.1.tgz. Extracting by manifest.
1236 silly tarball no local data for run-parallel@https://registry.npmjs.org/run-parallel/-/run-parallel-1.2.0.tgz. Extracting by manifest.
1237 silly tarball no local data for @nodelib/fs.walk@https://registry.npmjs.org/@nodelib/fs.walk/-/fs.walk-1.2.8.tgz. Extracting by manifest.
1238 silly tarball no local data for @nodelib/fs.scandir@https://registry.npmjs.org/@nodelib/fs.scandir/-/fs.scandir-2.1.5.tgz. Extracting by manifest.
1239 silly tarball no local data for @nodelib/fs.stat@https://registry.npmjs.org/@nodelib/fs.stat/-/fs.stat-2.0.5.tgz. Extracting by manifest.
1240 silly tarball no local data for fill-range@https://registry.npmjs.org/fill-range/-/fill-range-7.1.1.tgz. Extracting by manifest.
1241 silly tarball no local data for merge2@https://registry.npmjs.org/merge2/-/merge2-1.4.1.tgz. Extracting by manifest.
1242 silly tarball no local data for braces@https://registry.npmjs.org/braces/-/braces-3.0.3.tgz. Extracting by manifest.
1243 silly tarball no local data for readdirp@https://registry.npmjs.org/readdirp/-/readdirp-3.6.0.tgz. Extracting by manifest.
1244 silly tarball no local data for picomatch@https://registry.npmjs.org/picomatch/-/picomatch-2.3.2.tgz. Extracting by manifest.
1245 silly tarball no local data for anymatch@https://registry.npmjs.org/anymatch/-/anymatch-3.1.3.tgz. Extracting by manifest.
1246 silly tarball no local data for postcss-selector-parser@https://registry.npmjs.org/postcss-selector-parser/-/postcss-selector-parser-6.1.4.tgz. Extracting by manifest.
1247 silly tarball no local data for is-binary-path@https://registry.npmjs.org/is-binary-path/-/is-binary-path-2.1.0.tgz. Extracting by manifest.
1248 silly tarball no local data for resolve@https://registry.npmjs.org/resolve/-/resolve-1.22.12.tgz. Extracting by manifest.
1249 silly tarball no local data for sucrase@https://registry.npmjs.org/sucrase/-/sucrase-3.35.1.tgz. Extracting by manifest.
1250 silly tarball no local data for postcss-load-config@https://registry.npmjs.org/postcss-load-config/-/postcss-load-config-6.0.1.tgz. Extracting by manifest.
1251 silly tarball no local data for postcss-js@https://registry.npmjs.org/postcss-js/-/postcss-js-4.1.0.tgz. Extracting by manifest.
1252 silly tarball no local data for object-hash@https://registry.npmjs.org/object-hash/-/object-hash-3.0.0.tgz. Extracting by manifest.
1253 silly tarball no local data for postcss-nested@https://registry.npmjs.org/postcss-nested/-/postcss-nested-6.2.0.tgz. Extracting by manifest.
1254 silly tarball no local data for normalize-path@https://registry.npmjs.org/normalize-path/-/normalize-path-3.0.0.tgz. Extracting by manifest.
1255 silly tarball no local data for micromatch@https://registry.npmjs.org/micromatch/-/micromatch-4.0.8.tgz. Extracting by manifest.
1256 silly tarball no local data for jiti@https://registry.npmjs.org/jiti/-/jiti-1.21.7.tgz. Extracting by manifest.
1257 silly tarball no local data for lilconfig@https://registry.npmjs.org/lilconfig/-/lilconfig-3.1.3.tgz. Extracting by manifest.
1258 silly tarball no local data for glob-parent@https://registry.npmjs.org/glob-parent/-/glob-parent-6.0.2.tgz. Extracting by manifest.
1259 silly tarball no local data for is-glob@https://registry.npmjs.org/is-glob/-/is-glob-4.0.3.tgz. Extracting by manifest.
1260 silly tarball no local data for dlv@https://registry.npmjs.org/dlv/-/dlv-1.1.3.tgz. Extracting by manifest.
1261 silly tarball no local data for chokidar@https://registry.npmjs.org/chokidar/-/chokidar-3.6.0.tgz. Extracting by manifest.
1262 silly tarball no local data for fast-glob@https://registry.npmjs.org/fast-glob/-/fast-glob-3.3.3.tgz. Extracting by manifest.
1263 silly tarball no local data for didyoumean@https://registry.npmjs.org/didyoumean/-/didyoumean-1.2.2.tgz. Extracting by manifest.
1264 silly tarball no local data for @alloc/quick-lru@https://registry.npmjs.org/@alloc/quick-lru/-/quick-lru-5.2.0.tgz. Extracting by manifest.
1265 silly tarball no local data for arg@https://registry.npmjs.org/arg/-/arg-5.0.2.tgz. Extracting by manifest.
1266 silly tarball no local data for scheduler@https://registry.npmjs.org/scheduler/-/scheduler-0.23.2.tgz. Extracting by manifest.
1267 silly tarball no local data for source-map-js@https://registry.npmjs.org/source-map-js/-/source-map-js-1.2.1.tgz. Extracting by manifest.
1268 silly tarball no local data for loose-envify@https://registry.npmjs.org/loose-envify/-/loose-envify-1.4.0.tgz. Extracting by manifest.
1269 silly tarball no local data for nanoid@https://registry.npmjs.org/nanoid/-/nanoid-3.3.15.tgz. Extracting by manifest.
1270 silly tarball no local data for postcss-import@https://registry.npmjs.org/postcss-import/-/postcss-import-15.1.0.tgz. Extracting by manifest.
1271 silly tarball no local data for ms@https://registry.npmjs.org/ms/-/ms-2.1.3.tgz. Extracting by manifest.
1272 silly tarball no local data for yallist@https://registry.npmjs.org/yallist/-/yallist-3.1.1.tgz. Extracting by manifest.
1273 silly tarball no local data for update-browserslist-db@https://registry.npmjs.org/update-browserslist-db/-/update-browserslist-db-1.2.3.tgz. Extracting by manifest.
1274 silly tarball no local data for node-releases@https://registry.npmjs.org/node-releases/-/node-releases-2.0.50.tgz. Extracting by manifest.
1275 silly tarball no local data for baseline-browser-mapping@https://registry.npmjs.org/baseline-browser-mapping/-/baseline-browser-mapping-2.10.40.tgz. Extracting by manifest.
1276 silly tarball no local data for electron-to-chromium@https://registry.npmjs.org/electron-to-chromium/-/electron-to-chromium-1.5.383.tgz. Extracting by manifest.
1277 silly tarball no local data for fraction.js@https://registry.npmjs.org/fraction.js/-/fraction.js-5.3.4.tgz. Extracting by manifest.
1278 silly tarball no local data for postcss-value-parser@https://registry.npmjs.org/postcss-value-parser/-/postcss-value-parser-4.2.0.tgz. Extracting by manifest.
1279 silly tarball no local data for caniuse-lite@https://registry.npmjs.org/caniuse-lite/-/caniuse-lite-1.0.30001800.tgz. Extracting by manifest.
1280 silly tarball no local data for @types/babel__template@https://registry.npmjs.org/@types/babel__template/-/babel__template-7.4.4.tgz. Extracting by manifest.
1281 silly tarball no local data for @types/babel__traverse@https://registry.npmjs.org/@types/babel__traverse/-/babel__traverse-7.28.0.tgz. Extracting by manifest.
1282 silly tarball no local data for @types/babel__generator@https://registry.npmjs.org/@types/babel__generator/-/babel__generator-7.27.0.tgz. Extracting by manifest.
1283 silly tarball no local data for @jridgewell/resolve-uri@https://registry.npmjs.org/@jridgewell/resolve-uri/-/resolve-uri-3.1.2.tgz. Extracting by manifest.
1284 silly tarball no local data for @jridgewell/sourcemap-codec@https://registry.npmjs.org/@jridgewell/sourcemap-codec/-/sourcemap-codec-1.5.5.tgz. Extracting by manifest.
1285 silly tarball no local data for @babel/helper-string-parser@https://registry.npmjs.org/@babel/helper-string-parser/-/helper-string-parser-7.29.7.tgz. Extracting by manifest.
1286 silly tarball no local data for @babel/helper-globals@https://registry.npmjs.org/@babel/helper-globals/-/helper-globals-7.29.7.tgz. Extracting by manifest.
1287 silly tarball no local data for @babel/helper-module-imports@https://registry.npmjs.org/@babel/helper-module-imports/-/helper-module-imports-7.29.7.tgz. Extracting by manifest.
1288 silly tarball no local data for lru-cache@https://registry.npmjs.org/lru-cache/-/lru-cache-5.1.1.tgz. Extracting by manifest.
1289 silly tarball no local data for @babel/helper-validator-option@https://registry.npmjs.org/@babel/helper-validator-option/-/helper-validator-option-7.29.7.tgz. Extracting by manifest.
1290 silly tarball no local data for @babel/helper-plugin-utils@https://registry.npmjs.org/@babel/helper-plugin-utils/-/helper-plugin-utils-7.29.7.tgz. Extracting by manifest.
1291 silly tarball no local data for browserslist@https://registry.npmjs.org/browserslist/-/browserslist-4.28.4.tgz. Extracting by manifest.
1292 silly tarball no local data for jsesc@https://registry.npmjs.org/jsesc/-/jsesc-3.1.0.tgz. Extracting by manifest.
1293 silly tarball no local data for @babel/compat-data@https://registry.npmjs.org/@babel/compat-data/-/compat-data-7.29.7.tgz. Extracting by manifest.
1294 silly tarball no local data for @jridgewell/trace-mapping@https://registry.npmjs.org/@jridgewell/trace-mapping/-/trace-mapping-0.3.31.tgz. Extracting by manifest.
1295 silly tarball no local data for picocolors@https://registry.npmjs.org/picocolors/-/picocolors-1.1.1.tgz. Extracting by manifest.
1296 silly tarball no local data for @jridgewell/gen-mapping@https://registry.npmjs.org/@jridgewell/gen-mapping/-/gen-mapping-0.3.13.tgz. Extracting by manifest.
1297 silly tarball no local data for js-tokens@https://registry.npmjs.org/js-tokens/-/js-tokens-4.0.0.tgz. Extracting by manifest.
1298 silly tarball no local data for semver@https://registry.npmjs.org/semver/-/semver-6.3.1.tgz. Extracting by manifest.
1299 silly tarball no local data for gensync@https://registry.npmjs.org/gensync/-/gensync-1.0.0-beta.2.tgz. Extracting by manifest.
1300 silly tarball no local data for json5@https://registry.npmjs.org/json5/-/json5-2.2.3.tgz. Extracting by manifest.
1301 silly tarball no local data for @babel/helper-validator-identifier@https://registry.npmjs.org/@babel/helper-validator-identifier/-/helper-validator-identifier-7.29.7.tgz. Extracting by manifest.
1302 silly tarball no local data for debug@https://registry.npmjs.org/debug/-/debug-4.4.3.tgz. Extracting by manifest.
1303 silly tarball no local data for convert-source-map@https://registry.npmjs.org/convert-source-map/-/convert-source-map-2.0.0.tgz. Extracting by manifest.
1304 silly tarball no local data for @jridgewell/remapping@https://registry.npmjs.org/@jridgewell/remapping/-/remapping-2.3.5.tgz. Extracting by manifest.
1305 silly tarball no local data for @babel/types@https://registry.npmjs.org/@babel/types/-/types-7.29.7.tgz. Extracting by manifest.
1306 silly tarball no local data for @babel/traverse@https://registry.npmjs.org/@babel/traverse/-/traverse-7.29.7.tgz. Extracting by manifest.
1307 silly tarball no local data for @babel/template@https://registry.npmjs.org/@babel/template/-/template-7.29.7.tgz. Extracting by manifest.
1308 silly tarball no local data for @babel/parser@https://registry.npmjs.org/@babel/parser/-/parser-7.29.7.tgz. Extracting by manifest.
1309 silly tarball no local data for @babel/helpers@https://registry.npmjs.org/@babel/helpers/-/helpers-7.29.7.tgz. Extracting by manifest.
1310 silly tarball no local data for @babel/generator@https://registry.npmjs.org/@babel/generator/-/generator-7.29.7.tgz. Extracting by manifest.
1311 silly tarball no local data for @babel/helper-module-transforms@https://registry.npmjs.org/@babel/helper-module-transforms/-/helper-module-transforms-7.29.7.tgz. Extracting by manifest.
1312 silly tarball no local data for react-refresh@https://registry.npmjs.org/react-refresh/-/react-refresh-0.17.0.tgz. Extracting by manifest.
1313 silly tarball no local data for @babel/helper-compilation-targets@https://registry.npmjs.org/@babel/helper-compilation-targets/-/helper-compilation-targets-7.29.7.tgz. Extracting by manifest.
1314 silly tarball no local data for @babel/code-frame@https://registry.npmjs.org/@babel/code-frame/-/code-frame-7.29.7.tgz. Extracting by manifest.
1315 silly tarball no local data for @rolldown/pluginutils@https://registry.npmjs.org/@rolldown/pluginutils/-/pluginutils-1.0.0-beta.27.tgz. Extracting by manifest.
1316 silly tarball no local data for @babel/plugin-transform-react-jsx-source@https://registry.npmjs.org/@babel/plugin-transform-react-jsx-source/-/plugin-transform-react-jsx-source-7.29.7.tgz. Extracting by manifest.
1317 silly tarball no local data for @babel/plugin-transform-react-jsx-self@https://registry.npmjs.org/@babel/plugin-transform-react-jsx-self/-/plugin-transform-react-jsx-self-7.29.7.tgz. Extracting by manifest.
1318 silly tarball no local data for @babel/core@https://registry.npmjs.org/@babel/core/-/core-7.29.7.tgz. Extracting by manifest.
1319 silly tarball no local data for tailwindcss@https://registry.npmjs.org/tailwindcss/-/tailwindcss-3.4.19.tgz. Extracting by manifest.
1320 silly tarball no local data for react-dom@https://registry.npmjs.org/react-dom/-/react-dom-18.3.1.tgz. Extracting by manifest.
1321 silly tarball no local data for @types/babel__core@https://registry.npmjs.org/@types/babel__core/-/babel__core-7.20.5.tgz. Extracting by manifest.
1322 silly tarball no local data for react@https://registry.npmjs.org/react/-/react-18.3.1.tgz. Extracting by manifest.
1323 silly tarball no local data for gsap@https://registry.npmjs.org/gsap/-/gsap-3.15.0.tgz. Extracting by manifest.
1324 silly tarball no local data for lucide-react@https://registry.npmjs.org/lucide-react/-/lucide-react-0.468.0.tgz. Extracting by manifest.
1325 silly tarball no local data for vite@https://registry.npmjs.org/vite/-/vite-6.4.3.tgz. Extracting by manifest.
1326 silly tarball no local data for autoprefixer@https://registry.npmjs.org/autoprefixer/-/autoprefixer-10.5.2.tgz. Extracting by manifest.
1327 silly tarball no local data for postcss@https://registry.npmjs.org/postcss/-/postcss-8.5.16.tgz. Extracting by manifest.
1328 silly tarball no local data for @vitejs/plugin-react@https://registry.npmjs.org/@vitejs/plugin-react/-/plugin-react-4.7.0.tgz. Extracting by manifest.
1329 silly tarball no local data for fdir@https://registry.npmjs.org/fdir/-/fdir-6.5.0.tgz. Extracting by manifest.
1330 silly tarball no local data for picomatch@https://registry.npmjs.org/picomatch/-/picomatch-4.0.4.tgz. Extracting by manifest.
1331 silly tarball no local data for glob-parent@https://registry.npmjs.org/glob-parent/-/glob-parent-5.1.2.tgz. Extracting by manifest.
1332 silly tarball no local data for glob-parent@https://registry.npmjs.org/glob-parent/-/glob-parent-5.1.2.tgz. Extracting by manifest.
1333 silly tarball no local data for picomatch@https://registry.npmjs.org/picomatch/-/picomatch-4.0.4.tgz. Extracting by manifest.
1334 silly tarball no local data for fdir@https://registry.npmjs.org/fdir/-/fdir-6.5.0.tgz. Extracting by manifest.
1335 http fetch POST 200 https://registry.npmjs.org/-/npm/v1/security/advisories/bulk 360ms
1336 silly audit report {}
1337 http fetch GET 200 https://registry.npmjs.org/escalade/-/escalade-3.2.0.tgz 318ms (cache miss)
1338 http fetch GET 200 https://registry.npmjs.org/is-number/-/is-number-7.0.0.tgz 321ms (cache miss)
1339 http fetch GET 200 https://registry.npmjs.org/thenify/-/thenify-3.3.1.tgz 319ms (cache miss)
1340 http fetch GET 200 https://registry.npmjs.org/thenify-all/-/thenify-all-1.6.0.tgz 320ms (cache miss)
1341 http fetch GET 200 https://registry.npmjs.org/@types/estree/-/estree-1.0.9.tgz 327ms (cache miss)
1342 http fetch GET 200 https://registry.npmjs.org/hasown/-/hasown-2.0.4.tgz 318ms (cache miss)
1343 http fetch GET 200 https://registry.npmjs.org/function-bind/-/function-bind-1.1.2.tgz 321ms (cache miss)
1344 http fetch GET 200 https://registry.npmjs.org/esbuild/-/esbuild-0.25.12.tgz 356ms (cache miss)
1345 http fetch GET 200 https://registry.npmjs.org/util-deprecate/-/util-deprecate-1.0.2.tgz 358ms (cache miss)
1346 http fetch GET 200 https://registry.npmjs.org/path-parse/-/path-parse-1.0.7.tgz 375ms (cache miss)
1347 http fetch GET 200 https://registry.npmjs.org/es-errors/-/es-errors-1.3.0.tgz 398ms (cache miss)
1348 http fetch GET 200 https://registry.npmjs.org/pify/-/pify-2.3.0.tgz 401ms (cache miss)
1349 http fetch GET 200 https://registry.npmjs.org/camelcase-css/-/camelcase-css-2.0.1.tgz 422ms (cache miss)
1350 http fetch GET 200 https://registry.npmjs.org/is-core-module/-/is-core-module-2.16.2.tgz 428ms (cache miss)
1351 http fetch GET 200 https://registry.npmjs.org/cssesc/-/cssesc-3.0.0.tgz 436ms (cache miss)
1352 http fetch GET 200 https://registry.npmjs.org/is-extglob/-/is-extglob-2.1.1.tgz 467ms (cache miss)
1353 http fetch GET 200 https://registry.npmjs.org/read-cache/-/read-cache-1.0.0.tgz 493ms (cache miss)
1354 http fetch GET 200 https://registry.npmjs.org/pirates/-/pirates-4.0.7.tgz 512ms (cache miss)
1355 http fetch GET 200 https://registry.npmjs.org/lines-and-columns/-/lines-and-columns-1.2.4.tgz 526ms (cache miss)
1356 http fetch GET 200 https://registry.npmjs.org/to-regex-range/-/to-regex-range-5.0.1.tgz 524ms (cache miss)
1357 http fetch GET 200 https://registry.npmjs.org/mz/-/mz-2.7.0.tgz 540ms (cache miss)
1358 http fetch GET 200 https://registry.npmjs.org/binary-extensions/-/binary-extensions-2.3.0.tgz 531ms (cache miss)
1359 http fetch GET 200 https://registry.npmjs.org/supports-preserve-symlinks-flag/-/supports-preserve-symlinks-flag-1.0.0.tgz 548ms (cache miss)
1360 http fetch GET 200 https://registry.npmjs.org/run-parallel/-/run-parallel-1.2.0.tgz 539ms (cache miss)
1361 http fetch GET 200 https://registry.npmjs.org/@nodelib/fs.stat/-/fs.stat-2.0.5.tgz 545ms (cache miss)
1362 http fetch GET 200 https://registry.npmjs.org/reusify/-/reusify-1.1.0.tgz 567ms (cache miss)
1363 http fetch GET 200 https://registry.npmjs.org/fastq/-/fastq-1.20.1.tgz 595ms (cache miss)
1364 http fetch GET 200 https://registry.npmjs.org/readdirp/-/readdirp-3.6.0.tgz 601ms (cache miss)
1365 http fetch GET 200 https://registry.npmjs.org/braces/-/braces-3.0.3.tgz 604ms (cache miss)
1366 http fetch GET 200 https://registry.npmjs.org/tinyglobby/-/tinyglobby-0.2.17.tgz 638ms (cache miss)
1367 http fetch GET 200 https://registry.npmjs.org/rollup/-/rollup-4.62.2.tgz 667ms (cache miss)
1368 http fetch GET 200 https://registry.npmjs.org/is-binary-path/-/is-binary-path-2.1.0.tgz 727ms (cache miss)
1369 http fetch GET 200 https://registry.npmjs.org/postcss-selector-parser/-/postcss-selector-parser-6.1.4.tgz 745ms (cache miss)
1370 http fetch GET 200 https://registry.npmjs.org/@nodelib/fs.walk/-/fs.walk-1.2.8.tgz 760ms (cache miss)
1371 http fetch GET 200 https://registry.npmjs.org/merge2/-/merge2-1.4.1.tgz 757ms (cache miss)
1372 http fetch GET 200 https://registry.npmjs.org/picomatch/-/picomatch-2.3.2.tgz 841ms (cache miss)
1373 http fetch GET 200 https://registry.npmjs.org/anymatch/-/anymatch-3.1.3.tgz 856ms (cache miss)
1374 http fetch GET 200 https://registry.npmjs.org/postcss-js/-/postcss-js-4.1.0.tgz 857ms (cache miss)
1375 http fetch GET 200 https://registry.npmjs.org/queue-microtask/-/queue-microtask-1.2.3.tgz 973ms (cache miss)
1376 http fetch GET 200 https://registry.npmjs.org/normalize-path/-/normalize-path-3.0.0.tgz 961ms (cache miss)
1377 http fetch GET 200 https://registry.npmjs.org/@rollup/rollup-win32-x64-gnu/-/rollup-win32-x64-gnu-4.62.2.tgz 1024ms (cache miss)
1378 http fetch GET 200 https://registry.npmjs.org/micromatch/-/micromatch-4.0.8.tgz 993ms (cache miss)
1379 http fetch GET 200 https://registry.npmjs.org/postcss-load-config/-/postcss-load-config-6.0.1.tgz 1002ms (cache miss)
1380 http fetch GET 200 https://registry.npmjs.org/glob-parent/-/glob-parent-6.0.2.tgz 1030ms (cache miss)
1381 http fetch GET 200 https://registry.npmjs.org/lilconfig/-/lilconfig-3.1.3.tgz 1035ms (cache miss)
1382 http fetch GET 200 https://registry.npmjs.org/is-glob/-/is-glob-4.0.3.tgz 1053ms (cache miss)
1383 http fetch GET 200 https://registry.npmjs.org/any-promise/-/any-promise-1.3.0.tgz 1116ms (cache miss)
1384 http fetch GET 200 https://registry.npmjs.org/didyoumean/-/didyoumean-1.2.2.tgz 1112ms (cache miss)
1385 http fetch GET 200 https://registry.npmjs.org/object-hash/-/object-hash-3.0.0.tgz 1133ms (cache miss)
1386 http fetch GET 200 https://registry.npmjs.org/object-assign/-/object-assign-4.1.1.tgz 1194ms (cache miss)
1387 http fetch GET 200 https://registry.npmjs.org/arg/-/arg-5.0.2.tgz 1170ms (cache miss)
1388 http fetch GET 200 https://registry.npmjs.org/@alloc/quick-lru/-/quick-lru-5.2.0.tgz 1174ms (cache miss)
1389 http fetch GET 200 https://registry.npmjs.org/ts-interface-checker/-/ts-interface-checker-0.1.13.tgz 1242ms (cache miss)
1390 http fetch GET 200 https://registry.npmjs.org/@nodelib/fs.scandir/-/fs.scandir-2.1.5.tgz 1308ms (cache miss)
1391 http fetch GET 200 https://registry.npmjs.org/loose-envify/-/loose-envify-1.4.0.tgz 1301ms (cache miss)
1392 http fetch GET 200 https://registry.npmjs.org/dlv/-/dlv-1.1.3.tgz 1312ms (cache miss)
1393 http fetch GET 200 https://registry.npmjs.org/yallist/-/yallist-3.1.1.tgz 1311ms (cache miss)
1394 http fetch GET 200 https://registry.npmjs.org/update-browserslist-db/-/update-browserslist-db-1.2.3.tgz 1323ms (cache miss)
1395 http fetch GET 200 https://registry.npmjs.org/node-releases/-/node-releases-2.0.50.tgz 1323ms (cache miss)
1396 http fetch GET 200 https://registry.npmjs.org/scheduler/-/scheduler-0.23.2.tgz 1331ms (cache miss)
1397 http fetch GET 200 https://registry.npmjs.org/@rollup/rollup-win32-x64-msvc/-/rollup-win32-x64-msvc-4.62.2.tgz 1401ms (cache miss)
1398 http fetch GET 200 https://registry.npmjs.org/postcss-value-parser/-/postcss-value-parser-4.2.0.tgz 1368ms (cache miss)
1399 http fetch GET 200 https://registry.npmjs.org/@types/babel__template/-/babel__template-7.4.4.tgz 1359ms (cache miss)
1400 http fetch GET 200 https://registry.npmjs.org/postcss-import/-/postcss-import-15.1.0.tgz 1399ms (cache miss)
1401 http fetch GET 200 https://registry.npmjs.org/electron-to-chromium/-/electron-to-chromium-1.5.383.tgz 1396ms (cache miss)
1402 http fetch GET 200 https://registry.npmjs.org/@jridgewell/resolve-uri/-/resolve-uri-3.1.2.tgz 1402ms (cache miss)
1403 http fetch GET 200 https://registry.npmjs.org/jiti/-/jiti-1.21.7.tgz 1454ms (cache miss)
1404 http fetch GET 200 https://registry.npmjs.org/fraction.js/-/fraction.js-5.3.4.tgz 1452ms (cache miss)
1405 http fetch GET 200 https://registry.npmjs.org/@babel/helper-globals/-/helper-globals-7.29.7.tgz 1465ms (cache miss)
1406 http fetch GET 200 https://registry.npmjs.org/postcss-nested/-/postcss-nested-6.2.0.tgz 1526ms (cache miss)
1407 http fetch GET 200 https://registry.npmjs.org/baseline-browser-mapping/-/baseline-browser-mapping-2.10.40.tgz 1516ms (cache miss)
1408 http fetch GET 200 https://registry.npmjs.org/fast-glob/-/fast-glob-3.3.3.tgz 1535ms (cache miss)
1409 http fetch GET 200 https://registry.npmjs.org/@babel/helper-module-imports/-/helper-module-imports-7.29.7.tgz 1512ms (cache miss)
1410 http fetch GET 200 https://registry.npmjs.org/resolve/-/resolve-1.22.12.tgz 1567ms (cache miss)
1411 http fetch GET 200 https://registry.npmjs.org/@babel/helper-plugin-utils/-/helper-plugin-utils-7.29.7.tgz 1542ms (cache miss)
1412 http fetch GET 200 https://registry.npmjs.org/jsesc/-/jsesc-3.1.0.tgz 1586ms (cache miss)
1413 http fetch GET 200 https://registry.npmjs.org/@babel/helper-string-parser/-/helper-string-parser-7.29.7.tgz 1634ms (cache miss)
1414 http fetch GET 200 https://registry.npmjs.org/picocolors/-/picocolors-1.1.1.tgz 1659ms (cache miss)
1415 http fetch GET 200 https://registry.npmjs.org/@jridgewell/sourcemap-codec/-/sourcemap-codec-1.5.5.tgz 1709ms (cache miss)
1416 http fetch GET 200 https://registry.npmjs.org/js-tokens/-/js-tokens-4.0.0.tgz 1706ms (cache miss)
1417 http fetch GET 200 https://registry.npmjs.org/semver/-/semver-6.3.1.tgz 1747ms (cache miss)
1418 http fetch GET 200 https://registry.npmjs.org/gensync/-/gensync-1.0.0-beta.2.tgz 1789ms (cache miss)
1419 http fetch GET 200 https://registry.npmjs.org/source-map-js/-/source-map-js-1.2.1.tgz 1851ms (cache miss)
1420 http fetch GET 200 https://registry.npmjs.org/@jridgewell/trace-mapping/-/trace-mapping-0.3.31.tgz 1816ms (cache miss)
1421 http fetch GET 200 https://registry.npmjs.org/@babel/compat-data/-/compat-data-7.29.7.tgz 1840ms (cache miss)
1422 http fetch GET 200 https://registry.npmjs.org/nanoid/-/nanoid-3.3.15.tgz 1903ms (cache miss)
1423 http fetch GET 200 https://registry.npmjs.org/browserslist/-/browserslist-4.28.4.tgz 1865ms (cache miss)
1424 http fetch GET 200 https://registry.npmjs.org/@jridgewell/gen-mapping/-/gen-mapping-0.3.13.tgz 1862ms (cache miss)
1425 http fetch GET 200 https://registry.npmjs.org/sucrase/-/sucrase-3.35.1.tgz 1924ms (cache miss)
1426 http fetch GET 200 https://registry.npmjs.org/json5/-/json5-2.2.3.tgz 1933ms (cache miss)
1427 http fetch GET 200 https://registry.npmjs.org/@jridgewell/remapping/-/remapping-2.3.5.tgz 1968ms (cache miss)
1428 http fetch GET 200 https://registry.npmjs.org/@types/babel__generator/-/babel__generator-7.27.0.tgz 2039ms (cache miss)
1429 http fetch GET 200 https://registry.npmjs.org/@babel/template/-/template-7.29.7.tgz 2034ms (cache miss)
1430 http fetch GET 200 https://registry.npmjs.org/@babel/traverse/-/traverse-7.29.7.tgz 2183ms (cache miss)
1431 http fetch GET 200 https://registry.npmjs.org/react-refresh/-/react-refresh-0.17.0.tgz 2285ms (cache miss)
1432 http fetch GET 200 https://registry.npmjs.org/@babel/generator/-/generator-7.29.7.tgz 2341ms (cache miss)
1433 http fetch GET 200 https://registry.npmjs.org/@babel/helper-module-transforms/-/helper-module-transforms-7.29.7.tgz 2367ms (cache miss)
1434 http fetch GET 200 https://registry.npmjs.org/debug/-/debug-4.4.3.tgz 2473ms (cache miss)
1435 http fetch GET 200 https://registry.npmjs.org/convert-source-map/-/convert-source-map-2.0.0.tgz 2474ms (cache miss)
1436 http fetch GET 200 https://registry.npmjs.org/@babel/helper-compilation-targets/-/helper-compilation-targets-7.29.7.tgz 2493ms (cache miss)
1437 http fetch GET 200 https://registry.npmjs.org/chokidar/-/chokidar-3.6.0.tgz 2577ms (cache miss)
1438 http fetch GET 200 https://registry.npmjs.org/@rolldown/pluginutils/-/pluginutils-1.0.0-beta.27.tgz 2516ms (cache miss)
1439 http fetch GET 200 https://registry.npmjs.org/@babel/code-frame/-/code-frame-7.29.7.tgz 2608ms (cache miss)
1440 http fetch GET 200 https://registry.npmjs.org/@babel/types/-/types-7.29.7.tgz 2729ms (cache miss)
1441 http fetch GET 200 https://registry.npmjs.org/@esbuild/win32-x64/-/win32-x64-0.25.12.tgz 2841ms (cache miss)
1442 http fetch GET 200 https://registry.npmjs.org/@babel/parser/-/parser-7.29.7.tgz 2779ms (cache miss)
1443 http fetch GET 200 https://registry.npmjs.org/ms/-/ms-2.1.3.tgz 2892ms (cache miss)
1444 http fetch GET 200 https://registry.npmjs.org/@types/babel__core/-/babel__core-7.20.5.tgz 2875ms (cache miss)
1445 http fetch GET 200 https://registry.npmjs.org/@babel/plugin-transform-react-jsx-self/-/plugin-transform-react-jsx-self-7.29.7.tgz 2931ms (cache miss)
1446 http fetch GET 200 https://registry.npmjs.org/@babel/helpers/-/helpers-7.29.7.tgz 3109ms (cache miss)
1447 http fetch GET 200 https://registry.npmjs.org/fdir/-/fdir-6.5.0.tgz 3138ms (cache miss)
1448 http fetch GET 200 https://registry.npmjs.org/@vitejs/plugin-react/-/plugin-react-4.7.0.tgz 3147ms (cache miss)
1449 http fetch GET 200 https://registry.npmjs.org/@babel/plugin-transform-react-jsx-source/-/plugin-transform-react-jsx-source-7.29.7.tgz 3160ms (cache miss)
1450 http fetch GET 200 https://registry.npmjs.org/glob-parent/-/glob-parent-5.1.2.tgz 3168ms (cache miss)
1451 http fetch GET 200 https://registry.npmjs.org/postcss/-/postcss-8.5.16.tgz 3200ms (cache miss)
1452 http fetch GET 200 https://registry.npmjs.org/@babel/core/-/core-7.29.7.tgz 3215ms (cache miss)
1453 http fetch GET 200 https://registry.npmjs.org/@babel/helper-validator-identifier/-/helper-validator-identifier-7.29.7.tgz 3288ms (cache miss)
1454 http fetch GET 200 https://registry.npmjs.org/fdir/-/fdir-6.5.0.tgz 3249ms (cache miss)
1455 http fetch GET 200 https://registry.npmjs.org/autoprefixer/-/autoprefixer-10.5.2.tgz 3323ms (cache miss)
1456 http fetch GET 200 https://registry.npmjs.org/glob-parent/-/glob-parent-5.1.2.tgz 3445ms (cache miss)
1457 http fetch GET 200 https://registry.npmjs.org/picomatch/-/picomatch-4.0.4.tgz 3461ms (cache miss)
1458 http fetch GET 200 https://registry.npmjs.org/react/-/react-18.3.1.tgz 3510ms (cache miss)
1459 http fetch GET 200 https://registry.npmjs.org/react-dom/-/react-dom-18.3.1.tgz 3654ms (cache miss)
1460 http fetch GET 200 https://registry.npmjs.org/vite/-/vite-6.4.3.tgz 3738ms (cache miss)
1461 http fetch GET 200 https://registry.npmjs.org/picomatch/-/picomatch-4.0.4.tgz 3818ms (cache miss)
1462 http fetch GET 200 https://registry.npmjs.org/tailwindcss/-/tailwindcss-3.4.19.tgz 3883ms (cache miss)
1463 http fetch GET 200 https://registry.npmjs.org/gsap/-/gsap-3.15.0.tgz 4019ms (cache miss)
1464 http fetch GET 200 https://registry.npmjs.org/caniuse-lite/-/caniuse-lite-1.0.30001800.tgz 4204ms (cache miss)
1465 http fetch GET 200 https://registry.npmjs.org/@types/babel__traverse/-/babel__traverse-7.28.0.tgz 4547ms (cache miss)
1466 http fetch GET 200 https://registry.npmjs.org/@babel/helper-validator-option/-/helper-validator-option-7.29.7.tgz 4660ms (cache miss)
1467 http fetch GET 200 https://registry.npmjs.org/lru-cache/-/lru-cache-5.1.1.tgz 4690ms (cache miss)
1468 http fetch GET 200 https://registry.npmjs.org/commander/-/commander-4.1.1.tgz 7074ms (cache miss)
1469 http fetch GET 200 https://registry.npmjs.org/fill-range/-/fill-range-7.1.1.tgz 7107ms (cache miss)
1470 http fetch GET 200 https://registry.npmjs.org/lucide-react/-/lucide-react-0.468.0.tgz 13828ms (cache miss)
1471 info run esbuild@0.25.12 postinstall node_modules/esbuild node install.js
1472 info run esbuild@0.25.12 postinstall { code: 0, signal: null }
1473 silly ADD node_modules/@types/estree
1474 silly ADD node_modules/@rollup/rollup-win32-x64-msvc
1475 silly ADD node_modules/@rollup/rollup-win32-x64-gnu
1476 silly ADD node_modules/@esbuild/win32-x64
1477 silly ADD node_modules/rollup
1478 silly ADD node_modules/esbuild
1479 silly ADD node_modules/escalade
1480 silly ADD node_modules/is-number
1481 silly ADD node_modules/thenify
1482 silly ADD node_modules/thenify-all
1483 silly ADD node_modules/object-assign
1484 silly ADD node_modules/any-promise
1485 silly ADD node_modules/ts-interface-checker
1486 silly ADD node_modules/tinyglobby
1487 silly ADD node_modules/tinyglobby/node_modules/picomatch
1488 silly ADD node_modules/tinyglobby/node_modules/fdir
1489 silly ADD node_modules/pirates
1490 silly ADD node_modules/mz
1491 silly ADD node_modules/lines-and-columns
1492 silly ADD node_modules/commander
1493 silly ADD node_modules/queue-microtask
1494 silly ADD node_modules/function-bind
1495 silly ADD node_modules/hasown
1496 silly ADD node_modules/supports-preserve-symlinks-flag
1497 silly ADD node_modules/path-parse
1498 silly ADD node_modules/is-core-module
1499 silly ADD node_modules/es-errors
1500 silly ADD node_modules/pify
1501 silly ADD node_modules/util-deprecate
1502 silly ADD node_modules/cssesc
1503 silly ADD node_modules/camelcase-css
1504 silly ADD node_modules/read-cache
1505 silly ADD node_modules/is-extglob
1506 silly ADD node_modules/binary-extensions
1507 silly ADD node_modules/to-regex-range
1508 silly ADD node_modules/reusify
1509 silly ADD node_modules/run-parallel
1510 silly ADD node_modules/fastq
1511 silly ADD node_modules/@nodelib/fs.scandir
1512 silly ADD node_modules/merge2
1513 silly ADD node_modules/@nodelib/fs.walk
1514 silly ADD node_modules/@nodelib/fs.stat
1515 silly ADD node_modules/fill-range
1516 silly ADD node_modules/picomatch
1517 silly ADD node_modules/readdirp
1518 silly ADD node_modules/is-binary-path
1519 silly ADD node_modules/braces
1520 silly ADD node_modules/anymatch
1521 silly ADD node_modules/sucrase
1522 silly ADD node_modules/resolve
1523 silly ADD node_modules/postcss-selector-parser
1524 silly ADD node_modules/postcss-nested
1525 silly ADD node_modules/postcss-load-config
1526 silly ADD node_modules/postcss-js
1527 silly ADD node_modules/postcss-import
1528 silly ADD node_modules/object-hash
1529 silly ADD node_modules/normalize-path
1530 silly ADD node_modules/micromatch
1531 silly ADD node_modules/lilconfig
1532 silly ADD node_modules/jiti
1533 silly ADD node_modules/is-glob
1534 silly ADD node_modules/glob-parent
1535 silly ADD node_modules/fast-glob
1536 silly ADD node_modules/fast-glob/node_modules/glob-parent
1537 silly ADD node_modules/dlv
1538 silly ADD node_modules/didyoumean
1539 silly ADD node_modules/chokidar
1540 silly ADD node_modules/chokidar/node_modules/glob-parent
1541 silly ADD node_modules/arg
1542 silly ADD node_modules/@alloc/quick-lru
1543 silly ADD node_modules/scheduler
1544 silly ADD node_modules/loose-envify
1545 silly ADD node_modules/source-map-js
1546 silly ADD node_modules/nanoid
1547 silly ADD node_modules/yallist
1548 silly ADD node_modules/ms
1549 silly ADD node_modules/update-browserslist-db
1550 silly ADD node_modules/node-releases
1551 silly ADD node_modules/electron-to-chromium
1552 silly ADD node_modules/baseline-browser-mapping
1553 silly ADD node_modules/postcss-value-parser
1554 silly ADD node_modules/fraction.js
1555 silly ADD node_modules/caniuse-lite
1556 silly ADD node_modules/@types/babel__traverse
1557 silly ADD node_modules/@types/babel__template
1558 silly ADD node_modules/@types/babel__generator
1559 silly ADD node_modules/@jridgewell/resolve-uri
1560 silly ADD node_modules/@jridgewell/sourcemap-codec
1561 silly ADD node_modules/@babel/helper-string-parser
1562 silly ADD node_modules/@babel/helper-globals
1563 silly ADD node_modules/@babel/helper-plugin-utils
1564 silly ADD node_modules/@babel/helper-module-imports
1565 silly ADD node_modules/lru-cache
1566 silly ADD node_modules/browserslist
1567 silly ADD node_modules/@babel/helper-validator-option
1568 silly ADD node_modules/@babel/compat-data
1569 silly ADD node_modules/jsesc
1570 silly ADD node_modules/@jridgewell/trace-mapping
1571 silly ADD node_modules/@jridgewell/gen-mapping
1572 silly ADD node_modules/picocolors
1573 silly ADD node_modules/js-tokens
1574 silly ADD node_modules/@babel/helper-validator-identifier
1575 silly ADD node_modules/semver
1576 silly ADD node_modules/json5
1577 silly ADD node_modules/gensync
1578 silly ADD node_modules/debug
1579 silly ADD node_modules/convert-source-map
1580 silly ADD node_modules/@jridgewell/remapping
1581 silly ADD node_modules/@babel/types
1582 silly ADD node_modules/@babel/traverse
1583 silly ADD node_modules/@babel/template
1584 silly ADD node_modules/@babel/parser
1585 silly ADD node_modules/@babel/helpers
1586 silly ADD node_modules/@babel/helper-module-transforms
1587 silly ADD node_modules/@babel/helper-compilation-targets
1588 silly ADD node_modules/@babel/generator
1589 silly ADD node_modules/@babel/code-frame
1590 silly ADD node_modules/react-refresh
1591 silly ADD node_modules/@types/babel__core
1592 silly ADD node_modules/@rolldown/pluginutils
1593 silly ADD node_modules/@babel/plugin-transform-react-jsx-source
1594 silly ADD node_modules/@babel/plugin-transform-react-jsx-self
1595 silly ADD node_modules/@babel/core
1596 silly ADD node_modules/tailwindcss
1597 silly ADD node_modules/react-dom
1598 silly ADD node_modules/react
1599 silly ADD node_modules/lucide-react
1600 silly ADD node_modules/gsap
1601 silly ADD node_modules/postcss
1602 silly ADD node_modules/autoprefixer
1603 silly ADD node_modules/vite
1604 silly ADD node_modules/vite/node_modules/picomatch
1605 silly ADD node_modules/vite/node_modules/fdir
1606 silly ADD node_modules/@vitejs/plugin-react
1607 verbose cwd C:\Users\Atharva\Documents\portfolio
1608 verbose os Windows_NT 10.0.26200
1609 verbose node v24.14.0
1610 verbose npm  v11.9.0
1611 notice
1611 notice New minor version of npm available! 11.9.0 -> 11.18.0
1611 notice Changelog: https://github.com/npm/cli/releases/tag/v11.18.0
1611 notice To update run: npm install -g npm@11.18.0
1611 notice  { force: true, Symbol(proc-log.meta): true }
1612 verbose exit 0
1613 info ok
